omr_type,omr_nr,iso_week,min_fill_pct,min_fill_twh,median_fill_pct,median_fill_twh,max_fill_pct,max_fill_twh,area_name
EL,1,1,0.4569424,2.7431457,0.6194726,3.7188573,0.7595958,4.560054,NO1 - Eastern Norway
EL,1,2,0.42260963,2.5370371,0.5897099,3.5401835,0.698276,4.191935,NO1 - Eastern Norway
EL,1,3,0.38911685,2.335971,0.556504,3.3408403,0.6553866,3.9344587,NO1 - Eastern Norway
EL,1,4,0.35020417,2.1023679,0.50903904,3.0558956,0.610114,3.6626751,NO1 - Eastern Norway
EL,1,5,0.31875753,1.9135855,0.4643436,2.7875772,0.5706973,3.4260464,NO1 - Eastern Norway
EL,1,6,0.29098934,1.7468858,0.42119,2.5285144,0.5291069,3.1763685,NO1 - Eastern Norway
EL,1,7,0.25784957,1.547939,0.37551832,2.2543354,0.49807036,2.9900477,NO1 - Eastern Norway
EL,1,8,0.22414435,1.3455976,0.33835572,2.0312386,0.4784208,2.8720863,NO1 - Eastern Norway
EL,1,9,0.1921484,1.1535176,0.300628,1.8047493,0.43299437,2.5993793,NO1 - Eastern Norway
EL,1,10,0.16122243,0.9678607,0.2611193,1.567568,0.38557473,2.3147068,NO1 - Eastern Norway
EL,1,11,0.13361011,0.8020967,0.22496726,1.3505378,0.34507045,2.071549,NO1 - Eastern Norway
EL,1,12,0.11083844,0.6653924,0.18864307,1.1324742,0.29566696,1.7749668,NO1 - Eastern Norway
EL,1,13,0.09938246,0.5966191,0.16357797,0.98200166,0.27773926,1.6673421,NO1 - Eastern Norway
EL,1,14,0.08176234,0.4908409,0.14995909,0.900244,0.25586092,1.5360006,NO1 - Eastern Norway
EL,1,15,0.07031575,0.422124,0.13985664,0.8395962,0.25148347,1.5097215,NO1 - Eastern Norway
EL,1,16,0.093412094,0.5607774,0.14722604,0.88383675,0.3052231,1.8323349,NO1 - Eastern Norway
EL,1,17,0.11179962,0.6711626,0.16664821,1.0004332,0.3313241,1.9890258,NO1 - Eastern Norway
EL,1,18,0.11998393,0.7202952,0.21251354,1.2757747,0.36300534,2.1792169,NO1 - Eastern Norway
EL,1,19,0.16836487,1.0107387,0.29443508,1.7675713,0.5079919,3.0496094,NO1 - Eastern Norway
EL,1,20,0.20885178,1.2537924,0.41238648,2.4756649,0.6253644,3.7542276,NO1 - Eastern Norway
EL,1,21,0.24386495,1.4639856,0.5086839,3.0537639,0.67720664,4.0654497,NO1 - Eastern Norway
EL,1,22,0.3547643,2.1297436,0.5812846,3.4896045,0.7844156,4.7090535,NO1 - Eastern Norway
EL,1,23,0.45567366,2.735529,0.67301786,4.040304,0.80775243,4.8491507,NO1 - Eastern Norway
EL,1,24,0.50625914,3.039207,0.71981347,4.32123,0.8277749,4.9693513,NO1 - Eastern Norway
EL,1,25,0.54049504,3.244734,0.7606255,4.5662355,0.8494666,5.099572,NO1 - Eastern Norway
EL,1,26,0.6017588,3.6125166,0.77944624,4.679221,0.8887184,5.335211,NO1 - Eastern Norway
EL,1,27,0.6650202,3.9922917,0.7962298,4.779977,0.92980504,5.581865,NO1 - Eastern Norway
EL,1,28,0.6658075,3.9970179,0.79924405,4.7980723,0.95553756,5.736344,NO1 - Eastern Norway
EL,1,29,0.669249,4.0176783,0.81597483,4.898512,0.95792973,5.750705,NO1 - Eastern Norway
EL,1,30,0.6737943,4.0449653,0.8370475,5.025017,0.9390224,5.6371994,NO1 - Eastern Norway
EL,1,31,0.6848904,4.1115775,0.852345,5.116852,0.9408915,5.64842,NO1 - Eastern Norway
EL,1,32,0.6774246,4.0667586,0.8666476,5.202714,1.0200715,6.1237583,NO1 - Eastern Norway
EL,1,33,0.68567437,4.1162844,0.8757251,5.257209,0.9977882,5.989986,NO1 - Eastern Norway
EL,1,34,0.67828846,4.0719447,0.88468766,5.311013,1.0149609,6.0930777,NO1 - Eastern Norway
EL,1,35,0.67062634,4.0259466,0.8917633,5.353491,0.9856565,5.9171557,NO1 - Eastern Norway
EL,1,36,0.6633141,3.9820495,0.8836055,5.304517,0.97851986,5.8743124,NO1 - Eastern Norway
EL,1,37,0.68517107,4.1132627,0.88859487,5.334469,0.9903642,5.9454174,NO1 - Eastern Norway
EL,1,38,0.68780077,4.1290493,0.8941301,5.3676987,0.9982915,5.9930067,NO1 - Eastern Norway
EL,1,39,0.7610184,4.5685945,0.8818934,5.2942386,0.98372537,5.905563,NO1 - Eastern Norway
EL,1,40,0.79343134,4.763178,0.8921989,5.356105,0.95737886,5.747398,NO1 - Eastern Norway
EL,1,41,0.8030692,4.8210363,0.89240384,5.3573356,0.98777133,5.9298515,NO1 - Eastern Norway
EL,1,42,0.7997784,4.801281,0.87984216,5.2819242,0.9698186,5.822077,NO1 - Eastern Norway
EL,1,43,0.8105431,4.8659043,0.87777567,5.269519,0.9672403,5.8065987,NO1 - Eastern Norway
EL,1,44,0.7960065,4.778637,0.8638741,5.186064,0.9803711,5.885426,NO1 - Eastern Norway
EL,1,45,0.7569378,4.544097,0.85212505,5.115531,0.99740624,5.987693,NO1 - Eastern Norway
EL,1,46,0.7416769,4.4524817,0.83119977,4.9899116,0.97436064,5.849344,NO1 - Eastern Norway
EL,1,47,0.7147504,4.290835,0.8165263,4.9018226,0.9953899,5.975588,NO1 - Eastern Norway
EL,1,48,0.6654569,3.994913,0.7925731,4.758025,0.9715943,5.832737,NO1 - Eastern Norway
EL,1,49,0.62245715,3.7367744,0.7558613,4.537635,0.9456372,5.6769094,NO1 - Eastern Norway
EL,1,50,0.5790839,3.4763935,0.7207596,4.32691,0.9158069,5.49783,NO1 - Eastern Norway
EL,1,51,0.5333318,3.2017314,0.6804087,4.084673,0.8876332,5.3286963,NO1 - Eastern Norway
EL,1,52,0.49443382,2.9682167,0.65776855,3.948758,0.86151874,5.171924,NO1 - Eastern Norway
EL,1,53,0.4756881,2.8556812,0.6415291,3.8512683,0.8210254,4.9288316,NO1 - Eastern Norway
EL,2,1,0.40407932,13.75631,0.717128,24.41361,0.8595223,29.261225,NO2 - Southern Norway
EL,2,2,0.3816388,12.992354,0.7164563,24.390743,0.82318616,28.024214,NO2 - Southern Norway
EL,2,3,0.36336714,12.370322,0.6852634,23.328827,0.7909436,26.926561,NO2 - Southern Norway
EL,2,4,0.3374448,11.487833,0.65131545,22.173115,0.7766809,26.441006,NO2 - Southern Norway
EL,2,5,0.31884283,10.854555,0.61983526,21.101418,0.761747,25.932602,NO2 - Southern Norway
EL,2,6,0.29832274,10.155976,0.5937414,20.213089,0.7356371,25.043728,NO2 - Southern Norway
EL,2,7,0.27128327,9.235456,0.5684406,19.351759,0.7054893,24.017387,NO2 - Southern Norway
EL,2,8,0.24387857,8.302502,0.5401908,18.390034,0.6706553,22.831514,NO2 - Southern Norway
EL,2,9,0.21875268,7.4471264,0.5150631,17.534595,0.6442801,21.933607,NO2 - Southern Norway
EL,2,10,0.19607703,6.675166,0.48467144,16.499956,0.6183031,21.049257,NO2 - Southern Norway
EL,2,11,0.17322023,5.8970385,0.4632893,15.772031,0.59783936,20.352598,NO2 - Southern Norway
EL,2,12,0.16717921,5.6913805,0.43872392,14.935738,0.58428997,19.891329,NO2 - Southern Norway
EL,2,13,0.15199769,5.1745467,0.42695934,14.535229,0.5914558,20.135279,NO2 - Southern Norway
EL,2,14,0.17507254,5.960098,0.4185208,14.247951,0.573518,19.52461,NO2 - Southern Norway
EL,2,15,0.19116998,6.5081124,0.40629897,13.831875,0.5538624,18.855465,NO2 - Southern Norway
EL,2,16,0.19468331,6.627719,0.3904271,13.291541,0.5254513,17.888248,NO2 - Southern Norway
EL,2,17,0.18605673,6.334039,0.37728137,12.844011,0.51107556,17.398846,NO2 - Southern Norway
EL,2,18,0.18756609,6.3854227,0.4154302,14.142735,0.51651907,17.584164,NO2 - Southern Norway
EL,2,19,0.22546746,7.6757216,0.44935006,15.297489,0.513261,17.473248,NO2 - Southern Norway
EL,2,20,0.25129515,8.554989,0.46372664,15.78692,0.5542376,18.868238,NO2 - Southern Norway
EL,2,21,0.30566457,10.405919,0.5249826,17.87229,0.60161066,20.480986,NO2 - Southern Norway
EL,2,22,0.3355342,11.422788,0.5699071,19.401684,0.6748633,22.97477,NO2 - Southern Norway
EL,2,23,0.378039,12.869804,0.6038345,20.556694,0.7069587,24.067411,NO2 - Southern Norway
EL,2,24,0.4127406,14.051171,0.64691424,22.023285,0.72768414,24.77298,NO2 - Southern Norway
EL,2,25,0.4341279,14.779272,0.6673435,22.718765,0.7545667,25.68816,NO2 - Southern Norway
EL,2,26,0.4571769,15.563942,0.683028,23.252724,0.8090353,27.542467,NO2 - Southern Norway
EL,2,27,0.47547695,16.186943,0.6977786,23.754889,0.8527803,29.031704,NO2 - Southern Norway
EL,2,28,0.48308492,16.445946,0.7153493,24.353058,0.87000793,29.618193,NO2 - Southern Norway
EL,2,29,0.4850393,16.512478,0.7326063,24.940548,0.89233315,30.378225,NO2 - Southern Norway
EL,2,30,0.4934518,16.798872,0.7387315,25.149075,0.91256356,31.06694,NO2 - Southern Norway
EL,2,31,0.5050399,17.19337,0.7475356,25.448795,0.94250923,32.0864,NO2 - Southern Norway
EL,2,32,0.5027422,17.115149,0.7644146,26.023418,0.94574976,32.196716,NO2 - Southern Norway
EL,2,33,0.5025558,17.108803,0.78009975,26.557398,0.95852464,32.63162,NO2 - Southern Norway
EL,2,34,0.4969655,16.91849,0.7893995,26.873993,0.96020514,32.68883,NO2 - Southern Norway
EL,2,35,0.50384337,17.152637,0.788098,26.829685,0.9546061,32.49822,NO2 - Southern Norway
EL,2,36,0.49933484,16.999151,0.8027016,27.326843,0.94818574,32.279648,NO2 - Southern Norway
EL,2,37,0.5086407,17.315954,0.8303784,28.269062,0.9499551,32.33988,NO2 - Southern Norway
EL,2,38,0.5073247,17.271154,0.8281459,28.193062,0.95230126,32.419754,NO2 - Southern Norway
EL,2,39,0.50767446,17.28306,0.82794213,28.186121,0.95696056,32.578373,NO2 - Southern Norway
EL,2,40,0.52642876,17.921526,0.8240042,28.052061,0.9491272,32.3117,NO2 - Southern Norway
EL,2,41,0.532114,18.115072,0.83413815,28.397057,0.9600776,32.684486,NO2 - Southern Norway
EL,2,42,0.5299435,18.04118,0.83267486,28.34724,0.94289434,32.099506,NO2 - Southern Norway
EL,2,43,0.5381755,18.321428,0.8388074,28.556015,0.950088,32.344406,NO2 - Southern Norway
EL,2,44,0.55524343,18.902481,0.842115,28.668617,0.95821977,32.62124,NO2 - Southern Norway
EL,2,45,0.5764735,19.625227,0.8184303,27.862305,0.9717267,33.081066,NO2 - Southern Norway
EL,2,46,0.58978295,20.078327,0.8067832,27.465797,0.96254265,32.768406,NO2 - Southern Norway
EL,2,47,0.5732941,19.51699,0.7998507,27.22979,0.985195,33.539574,NO2 - Southern Norway
EL,2,48,0.5437529,18.511301,0.78993833,26.892338,0.9783416,33.30626,NO2 - Southern Norway
EL,2,49,0.516271,17.575718,0.7764913,26.434551,0.9554709,32.52766,NO2 - Southern Norway
EL,2,50,0.48620147,16.552044,0.74832475,25.475662,0.9283456,31.604218,NO2 - Southern Norway
EL,2,51,0.45639503,15.537325,0.73137474,24.89862,0.918376,31.264816,NO2 - Southern Norway
EL,2,52,0.42928225,14.614308,0.72128594,24.555164,0.9144478,31.131086,NO2 - Southern Norway
EL,2,53,0.41668078,14.185309,0.7088665,24.132359,0.8933096,30.411465,NO2 - Southern Norway
EL,3,1,0.39568102,3.5298433,0.60968304,5.43894,0.8337901,7.4381847,NO3 - Central Norway
EL,3,2,0.3724016,3.3221693,0.5990829,5.3443775,0.7905974,7.052865,NO3 - Central Norway
EL,3,3,0.36003894,3.2118828,0.57187945,5.101698,0.80995184,7.225525,NO3 - Central Norway
EL,3,4,0.33555397,2.9934542,0.5437931,4.851141,0.7813021,6.9699426,NO3 - Central Norway
EL,3,5,0.3131608,2.7936862,0.51099104,4.5585165,0.7398798,6.600417,NO3 - Central Norway
EL,3,6,0.28732216,2.5631814,0.4757615,4.244236,0.70534474,6.292332,NO3 - Central Norway
EL,3,7,0.25221127,2.2499595,0.43843913,3.9112854,0.6568853,5.860029,NO3 - Central Norway
EL,3,8,0.21926102,1.9560126,0.40290552,3.5942929,0.6202897,5.533562,NO3 - Central Norway
EL,3,9,0.19754806,1.7623128,0.36963215,3.2974634,0.5942485,5.30125,NO3 - Central Norway
EL,3,10,0.17787533,1.5868136,0.34405458,3.0692873,0.6084303,5.4277654,NO3 - Central Norway
EL,3,11,0.15342,1.3686492,0.32720095,2.9189372,0.5675778,5.0633225,NO3 - Central Norway
EL,3,12,0.1451688,1.2950408,0.3031019,2.7039514,0.5357475,4.779367,NO3 - Central Norway
EL,3,13,0.13023688,1.1618344,0.27614716,2.46349,0.5143428,4.588417,NO3 - Central Norway
EL,3,14,0.13891959,1.2392923,0.25243938,2.2519946,0.49084556,4.3788,NO3 - Central Norway
EL,3,15,0.12922356,1.1527946,0.23646505,2.1094885,0.47350714,4.224125,NO3 - Central Norway
EL,3,16,0.1265677,1.1291018,0.21784353,1.9433672,0.5038837,4.4951124,NO3 - Central Norway
EL,3,17,0.1301688,1.161227,0.240321,2.1438873,0.49043164,4.375107,NO3 - Central Norway
EL,3,18,0.10871537,0.96984243,0.25341988,2.2607415,0.526391,4.6958985,NO3 - Central Norway
EL,3,19,0.14835462,1.3234614,0.2915393,2.6008024,0.5314421,4.7409587,NO3 - Central Norway
EL,3,20,0.19715515,1.7588077,0.32524434,2.9014826,0.565439,5.044243,NO3 - Central Norway
EL,3,21,0.20230743,1.8047707,0.41634876,3.7142186,0.5975646,5.3308325,NO3 - Central Norway
EL,3,22,0.2680073,2.3908749,0.5133976,4.5799847,0.63348347,5.6512628,NO3 - Central Norway
EL,3,23,0.3819578,3.4074194,0.5869092,5.235777,0.6811157,6.0761867,NO3 - Central Norway
EL,3,24,0.4639851,4.139179,0.62966645,5.6172113,0.73718053,6.576337,NO3 - Central Norway
EL,3,25,0.5157221,4.600722,0.69530344,6.202754,0.7832551,6.9873652,NO3 - Central Norway
EL,3,26,0.55039,4.9099917,0.7229754,6.449614,0.83261883,7.427736,NO3 - Central Norway
EL,3,27,0.58307594,5.2015805,0.7367921,6.572871,0.87149197,7.7745204,NO3 - Central Norway
EL,3,28,0.6092888,5.435424,0.7613083,6.7915792,0.88434964,7.8892226,NO3 - Central Norway
EL,3,29,0.6122293,5.4616556,0.79594356,7.1005583,0.89717275,8.003616,NO3 - Central Norway
EL,3,30,0.61553055,5.491106,0.80881923,7.215421,0.9179623,8.189079,NO3 - Central Norway
EL,3,31,0.6234092,5.561391,0.8143197,7.26449,0.9288127,8.285874,NO3 - Central Norway
EL,3,32,0.61970156,5.5283155,0.8114444,7.2388396,0.9422361,8.405624,NO3 - Central Norway
EL,3,33,0.61826646,5.5155125,0.82950497,7.3999577,0.9350769,8.341757,NO3 - Central Norway
EL,3,34,0.61739963,5.5077796,0.8350128,7.449092,0.9436573,8.418302,NO3 - Central Norway
EL,3,35,0.6173579,5.5074077,0.8283097,7.3892946,0.93355227,8.328156,NO3 - Central Norway
EL,3,36,0.66274935,5.9123416,0.8220888,7.333798,0.9429835,8.412291,NO3 - Central Norway
EL,3,37,0.6674872,5.954608,0.8239168,7.3501053,0.9610766,8.573699,NO3 - Central Norway
EL,3,38,0.67467475,6.0187273,0.82089806,7.3231754,0.9573929,8.540836,NO3 - Central Norway
EL,3,39,0.6756749,6.02765,0.81856036,7.3023205,0.96094954,8.572565,NO3 - Central Norway
EL,3,40,0.6798549,6.0649395,0.83249557,7.426636,0.95853305,8.551008,NO3 - Central Norway
EL,3,41,0.6788858,6.056294,0.8399066,7.492749,0.9421288,8.404666,NO3 - Central Norway
EL,3,42,0.6714815,5.99024,0.8333171,7.4339647,0.9539866,8.510449,NO3 - Central Norway
EL,3,43,0.6632038,5.9163957,0.8250698,7.360391,0.95337534,8.504996,NO3 - Central Norway
EL,3,44,0.65260994,5.8218884,0.81772363,7.294857,0.9632303,8.592912,NO3 - Central Norway
EL,3,45,0.61087835,5.449604,0.8028859,7.16249,0.94895416,8.465555,NO3 - Central Norway
EL,3,46,0.5951541,5.309329,0.7855541,7.0078745,0.94041425,8.389371,NO3 - Central Norway
EL,3,47,0.59315234,5.2914715,0.7576634,6.7590637,0.9439648,8.421045,NO3 - Central Norway
EL,3,48,0.5490376,4.897927,0.72789836,6.493531,0.9303594,8.299673,NO3 - Central Norway
EL,3,49,0.51220214,4.56932,0.7070027,6.307123,0.9002587,8.031146,NO3 - Central Norway
EL,3,50,0.477977,4.264,0.6749109,6.020834,0.86622053,7.7274942,NO3 - Central Norway
EL,3,51,0.44498914,3.9697177,0.6475775,5.7769947,0.84648824,7.551464,NO3 - Central Norway
EL,3,52,0.42136863,3.7590008,0.63133544,5.6321,0.860832,7.6794233,NO3 - Central Norway
EL,3,53,0.4085248,3.6444218,0.61612165,5.496379,0.847348,7.5591335,NO3 - Central Norway
EL,4,1,0.46325275,9.765002,0.6455197,13.607044,0.8209894,17.305807,NO4 - Northern Norway
EL,4,2,0.44290742,9.336138,0.63319826,13.347319,0.7924644,16.704521,NO4 - Northern Norway
EL,4,3,0.42709622,9.002851,0.6214257,13.099162,0.79687446,16.797482,NO4 - Northern Norway
EL,4,4,0.4165293,8.780108,0.60235023,12.697066,0.78931546,16.638147,NO4 - Northern Norway
EL,4,5,0.40779847,8.596069,0.58139014,12.255243,0.77349776,16.30472,NO4 - Northern Norway
EL,4,6,0.39540055,8.33473,0.5598851,11.801935,0.7618817,16.059864,NO4 - Northern Norway
EL,4,7,0.3739493,7.882555,0.539297,11.367954,0.74387276,15.680249,NO4 - Northern Norway
EL,4,8,0.35266814,7.433965,0.5168575,10.894947,0.728572,15.357721,NO4 - Northern Norway
EL,4,9,0.340068,7.1683645,0.49968797,10.533028,0.7139353,15.049191,NO4 - Northern Norway
EL,4,10,0.32817793,6.917731,0.47982,10.114226,0.7042302,14.844615,NO4 - Northern Norway
EL,4,11,0.31112152,6.5581956,0.46108812,9.719372,0.6864952,14.470776,NO4 - Northern Norway
EL,4,12,0.3008203,6.3410535,0.44567224,9.394419,0.67512727,14.231149,NO4 - Northern Norway
EL,4,13,0.28248435,5.954547,0.42839402,9.030208,0.6631318,13.978293,NO4 - Northern Norway
EL,4,14,0.2614477,5.511111,0.41280216,8.701544,0.6579574,13.869221,NO4 - Northern Norway
EL,4,15,0.25221035,5.3163943,0.40211874,8.476345,0.6480218,13.659787,NO4 - Northern Norway
EL,4,16,0.23498835,4.9533687,0.39342836,8.2931595,0.6406285,13.5039425,NO4 - Northern Norway
EL,4,17,0.21449833,4.5214553,0.38038078,8.018126,0.62644583,13.204983,NO4 - Northern Norway
EL,4,18,0.20652577,4.3533998,0.37351787,7.8734617,0.6189214,13.046373,NO4 - Northern Norway
EL,4,19,0.20702644,4.3639536,0.36639553,7.7233276,0.6100885,12.860184,NO4 - Northern Norway
EL,4,20,0.26383173,5.561364,0.3835824,8.085614,0.61058694,12.870689,NO4 - Northern Norway
EL,4,21,0.2844029,5.9949884,0.43487346,9.166788,0.61880386,13.043896,NO4 - Northern Norway
EL,4,22,0.30565798,6.4430285,0.48129094,10.145232,0.652301,13.7499895,NO4 - Northern Norway
EL,4,23,0.36781824,7.7533174,0.5280577,11.131039,0.69465625,14.642805,NO4 - Northern Norway
EL,4,24,0.43340608,9.135858,0.5577566,11.757068,0.72586954,15.3007555,NO4 - Northern Norway
EL,4,25,0.4760171,10.034063,0.60493577,12.751567,0.79022557,16.65733,NO4 - Northern Norway
EL,4,26,0.48883396,10.304234,0.6366808,13.420727,0.8251652,17.39383,NO4 - Northern Norway
EL,4,27,0.4941483,10.416256,0.6562965,13.834211,0.8484184,17.883987,NO4 - Northern Norway
EL,4,28,0.49343532,10.401227,0.68632054,14.467094,0.8641615,18.21584,NO4 - Northern Norway
EL,4,29,0.49882954,10.514933,0.71433294,15.057573,0.8866001,18.688828,NO4 - Northern Norway
EL,4,30,0.506544,10.6775465,0.74311244,15.664223,0.9000715,18.972795,NO4 - Northern Norway
EL,4,31,0.51559675,10.868372,0.7752249,16.34113,0.9169939,19.329506,NO4 - Northern Norway
EL,4,32,0.53229064,11.220265,0.77960443,16.433445,0.93512064,19.711603,NO4 - Northern Norway
EL,4,33,0.55566627,11.713006,0.7846798,16.540428,0.9489792,20.00373,NO4 - Northern Norway
EL,4,34,0.5743925,12.107739,0.7857072,16.562084,0.95737296,20.180664,NO4 - Northern Norway
EL,4,35,0.57428896,12.1055565,0.7946522,16.75064,0.9464346,19.950094,NO4 - Northern Norway
EL,4,36,0.5689611,11.99325,0.8052958,16.974998,0.9441013,19.900908,NO4 - Northern Norway
EL,4,37,0.572511,12.068079,0.81210387,17.118507,0.94391996,19.897085,NO4 - Northern Norway
EL,4,38,0.6011839,12.672481,0.8129268,17.135855,0.9374271,19.760223,NO4 - Northern Norway
EL,4,39,0.6280141,13.23804,0.8209957,17.305939,0.9436148,19.890652,NO4 - Northern Norway
EL,4,40,0.63113,13.30372,0.8231791,17.351967,0.9354732,19.719036,NO4 - Northern Norway
EL,4,41,0.6501849,13.705384,0.8188237,17.260155,0.9431316,19.880468,NO4 - Northern Norway
EL,4,42,0.67049557,14.133516,0.81494534,17.178402,0.9552228,20.13534,NO4 - Northern Norway
EL,4,43,0.66210455,13.956639,0.8071955,17.015041,0.9497751,20.020508,NO4 - Northern Norway
EL,4,44,0.65707994,13.850725,0.7961134,16.78144,0.9397134,19.808416,NO4 - Northern Norway
EL,4,45,0.64220786,13.537233,0.801841,16.902176,0.945399,19.928265,NO4 - Northern Norway
EL,4,46,0.6172971,13.012135,0.7833421,16.512232,0.9350899,19.710955,NO4 - Northern Norway
EL,4,47,0.5940288,12.521656,0.7690797,16.211592,0.91659003,19.320992,NO4 - Northern Norway
EL,4,48,0.5702005,12.019376,0.75192654,15.850017,0.903531,19.04572,NO4 - Northern Norway
EL,4,49,0.5552074,11.703332,0.7321327,15.432777,0.8896169,18.75242,NO4 - Northern Norway
EL,4,50,0.53173435,11.208539,0.71162534,15.000499,0.87625885,18.470844,NO4 - Northern Norway
EL,4,51,0.5074092,10.6957855,0.69060826,14.557476,0.8656932,18.248129,NO4 - Northern Norway
EL,4,52,0.48561537,10.236387,0.67205405,14.166367,0.8613662,18.156918,NO4 - Northern Norway
EL,4,53,0.47443408,10.000695,0.6575197,13.859995,0.84864587,17.888783,NO4 - Northern Norway
EL,5,1,0.43360466,7.540639,0.6650178,11.565049,0.7621695,13.254574,NO5 - Western Norway
EL,5,2,0.41222224,7.168786,0.6390567,11.11357,0.7273305,12.648705,NO5 - Western Norway
EL,5,3,0.39452887,6.8610883,0.60387933,10.501816,0.6885021,11.973454,NO5 - Western Norway
EL,5,4,0.37048435,6.4429398,0.56345874,9.798878,0.6434454,11.189892,NO5 - Western Norway
EL,5,5,0.3514988,6.1127706,0.5263723,9.153923,0.60711724,10.558124,NO5 - Western Norway
EL,5,6,0.3292222,5.725367,0.4824567,8.390205,0.57718205,10.037534,NO5 - Western Norway
EL,5,7,0.2941997,5.1163054,0.44727433,7.778363,0.5417548,9.4214325,NO5 - Western Norway
EL,5,8,0.25795206,4.4859376,0.42167374,7.3331532,0.5272454,9.1691065,NO5 - Western Norway
EL,5,9,0.23509187,4.088385,0.39341733,6.8417583,0.4993344,8.683718,NO5 - Western Norway
EL,5,10,0.21429418,3.7267015,0.3613314,6.283765,0.46536258,8.092928,NO5 - Western Norway
EL,5,11,0.188632,3.2804208,0.32903355,5.722087,0.43925294,7.6388664,NO5 - Western Norway
EL,5,12,0.18116231,3.150519,0.30414152,5.2891994,0.4066018,7.0710435,NO5 - Western Norway
EL,5,13,0.15963784,2.7761955,0.2763111,4.805212,0.37676406,6.552148,NO5 - Western Norway
EL,5,14,0.14140703,2.459151,0.2491864,4.3334975,0.3474818,6.042912,NO5 - Western Norway
EL,5,15,0.118712984,2.0644882,0.22689807,3.9458904,0.32145435,5.590279,NO5 - Western Norway
EL,5,16,0.11151905,1.9393817,0.21434101,3.7275157,0.3008076,5.2312202,NO5 - Western Norway
EL,5,17,0.09709217,1.6884897,0.20501716,3.5653687,0.2975353,5.174313,NO5 - Western Norway
EL,5,18,0.09435405,1.6408722,0.20780644,3.6138759,0.3290101,5.7216783,NO5 - Western Norway
EL,5,19,0.113041565,1.965859,0.21959783,3.818935,0.32739654,5.693618,NO5 - Western Norway
EL,5,20,0.13571125,2.3600981,0.23689634,4.119766,0.36302978,6.3133006,NO5 - Western Norway
EL,5,21,0.16444029,2.8597128,0.30281797,5.266182,0.414266,7.204328,NO5 - Western Norway
EL,5,22,0.17150255,2.9825299,0.3723175,6.4748197,0.5059709,8.7991295,NO5 - Western Norway
EL,5,23,0.19350699,3.3652,0.44799122,7.7908297,0.55299306,9.616873,NO5 - Western Norway
EL,5,24,0.23117363,4.020245,0.50121796,8.716474,0.594765,10.343311,NO5 - Western Norway
EL,5,25,0.26399878,4.591093,0.5683866,9.884576,0.6353635,11.049344,NO5 - Western Norway
EL,5,26,0.32121792,5.586168,0.6228219,10.831238,0.7145003,12.425579,NO5 - Western Norway
EL,5,27,0.4339544,7.546721,0.6493744,11.293001,0.7625678,13.261501,NO5 - Western Norway
EL,5,28,0.5338935,9.284721,0.6790978,11.809909,0.82279235,14.308841,NO5 - Western Norway
EL,5,29,0.58840925,10.232781,0.7179798,12.48609,0.8682026,15.098553,NO5 - Western Norway
EL,5,30,0.59493834,10.346326,0.7290944,12.6793785,0.8936994,15.541956,NO5 - Western Norway
EL,5,31,0.60140485,10.458782,0.7552302,13.133896,0.9128915,15.875718,NO5 - Western Norway
EL,5,32,0.59954727,10.426478,0.78911126,13.723107,0.92892206,16.1545,NO5 - Western Norway
EL,5,33,0.6009537,10.450936,0.802053,13.94817,0.95478785,16.60432,NO5 - Western Norway
EL,5,34,0.602991,10.486366,0.8174802,14.216459,0.9528757,16.571066,NO5 - Western Norway
EL,5,35,0.5807543,10.099657,0.8285096,14.408268,0.9432653,16.403938,NO5 - Western Norway
EL,5,36,0.57211494,9.949414,0.8411555,14.628187,0.94511515,16.436106,NO5 - Western Norway
EL,5,37,0.5556049,9.662294,0.84921503,14.768347,0.93985385,16.34461,NO5 - Western Norway
EL,5,38,0.56334716,9.796938,0.8482919,14.752293,0.94799304,16.486155,NO5 - Western Norway
EL,5,39,0.58823776,10.2298,0.84525484,14.699477,0.95126104,16.542986,NO5 - Western Norway
EL,5,40,0.61223006,10.647039,0.8547025,14.863776,0.9525063,16.564642,NO5 - Western Norway
EL,5,41,0.6273192,10.90945,0.8705504,15.139381,0.9472067,16.472479,NO5 - Western Norway
EL,5,42,0.64412045,11.201632,0.8627522,15.003766,0.929128,16.15808,NO5 - Western Norway
EL,5,43,0.68644017,11.937596,0.8575907,14.914004,0.9150632,15.913486,NO5 - Western Norway
EL,5,44,0.68457603,11.905179,0.8414288,14.63294,0.9374147,16.30219,NO5 - Western Norway
EL,5,45,0.6689525,11.633476,0.8401476,14.61066,0.92316824,16.054436,NO5 - Western Norway
EL,5,46,0.6679157,11.615445,0.82767284,14.393715,0.9135469,15.887116,NO5 - Western Norway
EL,5,47,0.6417848,11.161014,0.8070161,14.034483,0.94325453,16.403748,NO5 - Western Norway
EL,5,48,0.6036511,10.497847,0.7794475,13.555049,0.93204147,16.208748,NO5 - Western Norway
EL,5,49,0.5614791,9.76445,0.74624306,12.977604,0.8993623,15.640437,NO5 - Western Norway
EL,5,50,0.53505373,9.304897,0.71746254,12.477095,0.8611524,14.975945,NO5 - Western Norway
EL,5,51,0.4922105,8.559829,0.69510204,12.088232,0.8347899,14.517486,NO5 - Western Norway
EL,5,52,0.45898739,7.9820595,0.6844566,11.903102,0.8081982,14.05504,NO5 - Western Norway
EL,5,53,0.44629604,7.7613497,0.67403984,11.721948,0.7770377,13.513141,NO5 - Western Norway
NO,0,1,0.42688748,37.326008,0.66634846,58.2639,0.7877036,68.87489,Norway (total)
NO,0,2,0.40424597,35.34629,0.6530267,57.099068,0.75667155,66.16153,Norway (total)
NO,0,3,0.38618726,33.767277,0.62442887,54.59855,0.7295084,63.78645,Norway (total)
NO,0,4,0.3635065,31.784126,0.5913991,51.710503,0.7036803,61.5281,Norway (total)
NO,0,5,0.3458952,30.244238,0.5619242,49.133293,0.6713981,58.705425,Norway (total)
NO,0,6,0.3259163,28.497332,0.52936864,46.286713,0.6418317,56.120213,Norway (total)
NO,0,7,0.29737368,26.001635,0.5005524,43.767097,0.6093987,53.284348,Norway (total)
NO,0,8,0.268649,23.490019,0.47430456,41.472046,0.5780283,50.541397,Norway (total)
NO,0,9,0.24679336,21.579014,0.4499947,39.34645,0.5583726,48.82275,Norway (total)
NO,0,10,0.22676215,19.827534,0.4233188,37.01397,0.55850565,48.83438,Norway (total)
NO,0,11,0.2042216,17.856642,0.3975724,34.762764,0.5300146,46.343193,Norway (total)
NO,0,12,0.19596171,17.134418,0.37446624,32.742424,0.5063975,44.278168,Norway (total)
NO,0,13,0.18024336,15.760043,0.35854498,31.350304,0.5037772,44.049057,Norway (total)
NO,0,14,0.18993741,16.607668,0.34375495,30.057102,0.48434687,42.350117,Norway (total)
NO,0,15,0.20171203,17.63721,0.3283891,28.713547,0.46930185,41.03462,Norway (total)
NO,0,16,0.21975328,19.214695,0.31438786,27.489311,0.48137853,42.090572,Norway (total)
NO,0,17,0.21007195,18.368183,0.3121345,27.292286,0.4743684,41.477627,Norway (total)
NO,0,18,0.20945051,18.313847,0.3302132,28.873043,0.49311274,43.11658,Norway (total)
NO,0,19,0.23386352,20.44846,0.35578406,31.108894,0.49179333,43.001217,Norway (total)
NO,0,20,0.25660846,22.437223,0.39482507,34.522545,0.5097326,44.569786,Norway (total)
NO,0,21,0.3191859,27.908844,0.45308253,39.61644,0.5223463,45.672695,Norway (total)
NO,0,22,0.3542525,30.974981,0.51347077,44.896637,0.5703766,49.87235,Norway (total)
NO,0,23,0.39135906,34.21949,0.5637083,49.289288,0.64744043,56.610626,Norway (total)
NO,0,24,0.43145517,37.725395,0.59640074,52.147835,0.68900895,60.245274,Norway (total)
NO,0,25,0.4626152,40.449955,0.6410452,56.051445,0.72591,63.471813,Norway (total)
NO,0,26,0.5092453,44.527172,0.6794157,59.406464,0.75088954,65.65596,Norway (total)
NO,0,27,0.5612304,49.072628,0.7002103,61.224693,0.8063165,70.50236,Norway (total)
NO,0,28,0.591223,51.695107,0.71904755,62.87178,0.84780586,74.1301,Norway (total)
NO,0,29,0.60390514,52.804005,0.73112965,63.928207,0.8775938,76.73468,Norway (total)
NO,0,30,0.6023835,52.67095,0.7415596,64.84017,0.8953144,78.28413,Norway (total)
NO,0,31,0.60095036,52.545643,0.75211334,65.76297,0.90840906,79.429085,Norway (total)
NO,0,32,0.5945814,51.98876,0.7761028,67.86055,0.9170071,80.180885,Norway (total)
NO,0,33,0.59073853,51.652744,0.78315735,68.47738,0.93875116,82.08212,Norway (total)
NO,0,34,0.5889101,51.492874,0.79543424,69.55085,0.9376208,81.9833,Norway (total)
NO,0,35,0.6034306,52.762512,0.800853,70.02464,0.9321288,81.50308,Norway (total)
NO,0,36,0.6140388,53.690067,0.81044817,70.86362,0.9328803,81.56879,Norway (total)
NO,0,37,0.6134094,53.635033,0.8253958,72.170616,0.9346837,81.72648,Norway (total)
NO,0,38,0.6195507,54.172012,0.82966197,72.54363,0.9350137,81.75533,Norway (total)
NO,0,39,0.6228131,54.457268,0.8278045,72.381226,0.9409478,82.27419,Norway (total)
NO,0,40,0.63760895,55.75098,0.8169887,71.43552,0.94541264,82.6646,Norway (total)
NO,0,41,0.6428317,56.207645,0.8220716,71.87995,0.9498349,83.05126,Norway (total)
NO,0,42,0.64185154,56.121944,0.8169193,71.42944,0.9335173,81.62449,Norway (total)
NO,0,43,0.64221275,56.153526,0.82559574,72.18808,0.92851293,81.18692,Norway (total)
NO,0,44,0.6448953,56.388084,0.82274294,71.93865,0.92978466,81.29812,Norway (total)
NO,0,45,0.6533251,57.125164,0.81571853,71.32445,0.94737995,82.83661,Norway (total)
NO,0,46,0.6396759,55.93171,0.8052275,70.40714,0.93874025,82.08117,Norway (total)
NO,0,47,0.6100101,53.337803,0.78584296,68.712204,0.95724744,83.6994,Norway (total)
NO,0,48,0.5758921,50.35461,0.7703434,67.356964,0.9462157,82.7348,Norway (total)
NO,0,49,0.5440361,47.5692,0.7493987,65.52561,0.92082,80.514275,Norway (total)
NO,0,50,0.51252866,44.814266,0.73001164,63.830452,0.89092755,77.90054,Norway (total)
NO,0,51,0.47996217,41.966732,0.7013519,61.32451,0.8710085,76.158875,Norway (total)
NO,0,52,0.45235875,39.553154,0.68020463,59.47545,0.85282266,74.56875,Norway (total)
NO,0,53,0.43962312,38.439583,0.6715056,58.71482,0.823581,72.01193,Norway (total)
VASS,1,1,0.42273855,15.237385,0.67628306,24.376263,0.80049723,28.853495,Vassdrag 1 - Southeast
VASS,1,2,0.3982271,14.353883,0.6610435,23.826962,0.75973094,27.384096,Vassdrag 1 - Southeast
VASS,1,3,0.3745983,13.502195,0.6256503,22.551231,0.7252368,26.140772,Vassdrag 1 - Southeast
VASS,1,4,0.3455219,12.454152,0.585931,21.119568,0.68561155,24.712502,Vassdrag 1 - Southeast
VASS,1,5,0.3220103,11.606689,0.54781234,19.745602,0.6412467,23.113392,Vassdrag 1 - Southeast
VASS,1,6,0.29960957,10.799267,0.5128521,18.48548,0.60687566,21.874508,Vassdrag 1 - Southeast
VASS,1,7,0.2717264,9.794232,0.47999257,17.301075,0.58871603,21.219955,Vassdrag 1 - Southeast
VASS,1,8,0.24123722,8.695267,0.44781095,16.141106,0.5776722,20.821884,Vassdrag 1 - Southeast
VASS,1,9,0.21506266,7.751818,0.4107223,14.804264,0.5476606,19.740133,Vassdrag 1 - Southeast
VASS,1,10,0.18958206,6.8333845,0.37084645,13.366962,0.5125243,18.473663,Vassdrag 1 - Southeast
VASS,1,11,0.16402112,5.9120536,0.3394783,12.236315,0.48273146,17.399797,Vassdrag 1 - Southeast
VASS,1,12,0.15414698,5.5561457,0.31354535,11.301573,0.46353334,16.707811,Vassdrag 1 - Southeast
VASS,1,13,0.13553946,4.8854475,0.29581127,10.662359,0.4708265,16.97069,Vassdrag 1 - Southeast
VASS,1,14,0.15384188,5.5451484,0.28115797,10.13419,0.45058954,16.241259,Vassdrag 1 - Southeast
VASS,1,15,0.13936302,5.023266,0.26843318,9.67553,0.43286103,15.602244,Vassdrag 1 - Southeast
VASS,1,16,0.14433064,5.20232,0.25649953,9.245388,0.4099647,14.776959,Vassdrag 1 - Southeast
VASS,1,17,0.14271107,5.1439443,0.26615298,9.593342,0.4059795,14.633314,Vassdrag 1 - Southeast
VASS,1,18,0.14779668,5.327252,0.2818153,10.157881,0.42167443,15.199029,Vassdrag 1 - Southeast
VASS,1,19,0.18292132,6.5933013,0.326699,11.77569,0.42730933,15.402137,Vassdrag 1 - Southeast
VASS,1,20,0.21711418,7.8257647,0.37819374,13.631791,0.5100832,18.385675,Vassdrag 1 - Southeast
VASS,1,21,0.2819247,10.161825,0.44977623,16.211945,0.60013634,21.631594,Vassdrag 1 - Southeast
VASS,1,22,0.3243349,11.690477,0.51421523,18.534615,0.7076065,25.505297,Vassdrag 1 - Southeast
VASS,1,23,0.36810338,13.26809,0.5762229,20.769646,0.7435972,26.802563,Vassdrag 1 - Southeast
VASS,1,24,0.4199813,15.138001,0.6249293,22.525242,0.76944244,27.73414,Vassdrag 1 - Southeast
VASS,1,25,0.46249667,16.670444,0.6725153,24.240454,0.803392,28.957834,Vassdrag 1 - Southeast
VASS,1,26,0.51591104,18.595737,0.7037512,25.366335,0.8163911,29.42638,Vassdrag 1 - Southeast
VASS,1,27,0.5353478,19.296326,0.72644114,26.184183,0.84282565,30.3792,Vassdrag 1 - Southeast
VASS,1,28,0.54338586,19.586052,0.7359304,26.526218,0.8804506,31.73537,Vassdrag 1 - Southeast
VASS,1,29,0.5510403,19.861954,0.74685335,26.91993,0.9112395,32.845142,Vassdrag 1 - Southeast
VASS,1,30,0.56005174,20.186766,0.7638701,27.53329,0.9226759,33.25736,Vassdrag 1 - Southeast
VASS,1,31,0.57013,20.550032,0.78441226,28.27372,0.94474936,34.052986,Vassdrag 1 - Southeast
VASS,1,32,0.5656372,20.38809,0.80514216,29.020918,0.9471162,34.138298,Vassdrag 1 - Southeast
VASS,1,33,0.56776005,20.464607,0.8102778,29.206032,0.95826364,34.5401,Vassdrag 1 - Southeast
VASS,1,34,0.56806237,20.475504,0.8268425,29.803097,0.95403033,34.387512,Vassdrag 1 - Southeast
VASS,1,35,0.56484836,20.359655,0.83584976,30.127758,0.94157934,33.938725,Vassdrag 1 - Southeast
VASS,1,36,0.55990297,20.181402,0.8385555,30.225285,0.94785416,34.164894,Vassdrag 1 - Southeast
VASS,1,37,0.562788,20.285393,0.83692825,30.166632,0.9344547,33.68192,Vassdrag 1 - Southeast
VASS,1,38,0.5520392,19.897957,0.8362485,30.142132,0.97331953,35.082783,Vassdrag 1 - Southeast
VASS,1,39,0.5909952,21.302105,0.8422439,30.35823,0.9650853,34.785984,Vassdrag 1 - Southeast
VASS,1,40,0.6169994,22.239412,0.8438424,30.415848,0.9459146,34.09499,Vassdrag 1 - Southeast
VASS,1,41,0.6199061,22.344185,0.83994746,30.275455,0.9644281,34.7623,Vassdrag 1 - Southeast
VASS,1,42,0.6265971,22.585358,0.8468876,30.52561,0.9464743,34.11516,Vassdrag 1 - Southeast
VASS,1,43,0.6468714,23.316133,0.85826784,30.935806,0.9486759,34.194515,Vassdrag 1 - Southeast
VASS,1,44,0.65141,23.479725,0.84778845,30.558083,0.9573842,34.508404,Vassdrag 1 - Southeast
VASS,1,45,0.66321695,23.9053,0.8300437,29.91848,0.9729709,35.070213,Vassdrag 1 - Southeast
VASS,1,46,0.6566701,23.669323,0.8243209,29.712208,0.96259046,34.69606,Vassdrag 1 - Southeast
VASS,1,47,0.6234819,22.473072,0.79778117,28.755596,0.9841502,35.473167,Vassdrag 1 - Southeast
VASS,1,48,0.58532643,21.097776,0.78159314,28.172108,0.97138864,35.013184,Vassdrag 1 - Southeast
VASS,1,49,0.54972553,19.814562,0.7513849,27.083267,0.9445615,34.046215,Vassdrag 1 - Southeast
VASS,1,50,0.51473975,18.55352,0.7224041,26.03867,0.9140643,32.946957,Vassdrag 1 - Southeast
VASS,1,51,0.48015308,17.306862,0.70221865,25.311096,0.89783293,32.361908,Vassdrag 1 - Southeast
VASS,1,52,0.4491382,16.188946,0.68186605,24.577497,0.88017076,31.725283,Vassdrag 1 - Southeast
VASS,1,53,0.43593836,15.713165,0.67313063,24.262634,0.8479154,30.562656,Vassdrag 1 - Southeast
VASS,2,1,0.4149693,9.642939,0.7231225,16.803715,0.8238317,19.143965,Vassdrag 2 - West
VASS,2,2,0.39249825,9.120763,0.7116805,16.537827,0.78218025,18.176083,Vassdrag 2 - West
VASS,2,3,0.37945563,8.817681,0.6809429,15.823557,0.7396325,17.187368,Vassdrag 2 - West
VASS,2,4,0.3557054,8.265781,0.64591295,15.009541,0.73455054,17.069275,Vassdrag 2 - West
VASS,2,5,0.34008974,7.9029083,0.6182127,14.3658495,0.71840185,16.694017,Vassdrag 2 - West
VASS,2,6,0.31788728,7.3869743,0.58540297,13.603428,0.6895455,16.023462,Vassdrag 2 - West
VASS,2,7,0.28344876,6.5867014,0.55545336,12.907467,0.66116107,15.363873,Vassdrag 2 - West
VASS,2,8,0.2523862,5.864879,0.5337122,12.402252,0.64713514,15.037941,Vassdrag 2 - West
VASS,2,9,0.22902773,5.322081,0.51406455,11.945685,0.62063634,14.42217,Vassdrag 2 - West
VASS,2,10,0.20987217,4.87695,0.48935276,11.371441,0.5961225,13.852525,Vassdrag 2 - West
VASS,2,11,0.18817414,4.3727374,0.4781406,11.110895,0.580498,13.489447,Vassdrag 2 - West
VASS,2,12,0.18644919,4.332653,0.45573664,10.590278,0.5630595,13.084216,Vassdrag 2 - West
VASS,2,13,0.17429769,4.05028,0.43425554,10.091106,0.5471197,12.713812,Vassdrag 2 - West
VASS,2,14,0.1851888,4.3033648,0.4137686,9.615036,0.5283236,12.277033,Vassdrag 2 - West
VASS,2,15,0.18910952,4.394473,0.39888138,9.269091,0.515649,11.982505,Vassdrag 2 - West
VASS,2,16,0.18720965,4.3503246,0.3795731,8.820411,0.50341105,11.698122,Vassdrag 2 - West
VASS,2,17,0.17153083,3.9859843,0.3674016,8.537574,0.49047396,11.397494,Vassdrag 2 - West
VASS,2,18,0.16938677,3.9361615,0.37819052,8.788284,0.48324886,11.2296,Vassdrag 2 - West
VASS,2,19,0.19692923,4.5761857,0.3854763,8.957588,0.47490814,11.03578,Vassdrag 2 - West
VASS,2,20,0.21400274,4.9729347,0.40996137,9.526566,0.4891401,11.366498,Vassdrag 2 - West
VASS,2,21,0.26964164,6.2658553,0.4514554,10.490791,0.5234433,12.163626,Vassdrag 2 - West
VASS,2,22,0.2979584,6.9238725,0.5097991,11.846567,0.5668752,13.172885,Vassdrag 2 - West
VASS,2,23,0.3539993,8.226134,0.53671974,12.47214,0.6045388,14.0481,Vassdrag 2 - West
VASS,2,24,0.3792248,8.812319,0.5689358,13.220768,0.65219396,15.155497,Vassdrag 2 - West
VASS,2,25,0.3999915,9.2948885,0.60108924,13.967941,0.6878558,15.984197,Vassdrag 2 - West
VASS,2,26,0.43069366,10.008336,0.6393037,14.855957,0.75601315,17.568018,Vassdrag 2 - West
VASS,2,27,0.5096918,11.844072,0.65480214,15.216105,0.7922772,18.410713,Vassdrag 2 - West
VASS,2,28,0.54605216,12.689004,0.682008,15.848309,0.81955445,19.044573,Vassdrag 2 - West
VASS,2,29,0.55509603,12.899163,0.70829445,16.459145,0.8563029,19.898523,Vassdrag 2 - West
VASS,2,30,0.5557924,12.915345,0.71905047,16.70909,0.88693494,20.610342,Vassdrag 2 - West
VASS,2,31,0.5570683,12.944994,0.7346026,17.070484,0.9132299,21.221375,Vassdrag 2 - West
VASS,2,32,0.5512474,12.809731,0.75527996,17.55098,0.9294947,21.599333,Vassdrag 2 - West
VASS,2,33,0.541026,12.572208,0.77419734,17.990578,0.95558643,22.205645,Vassdrag 2 - West
VASS,2,34,0.529787,12.311039,0.7976026,18.534462,0.95806754,22.2633,Vassdrag 2 - West
VASS,2,35,0.5376904,12.494697,0.8130253,18.89285,0.956132,22.218323,Vassdrag 2 - West
VASS,2,36,0.5458248,12.683722,0.8122021,18.87372,0.9572383,22.244032,Vassdrag 2 - West
VASS,2,37,0.5401691,12.552296,0.81248677,18.880337,0.96074516,22.325521,Vassdrag 2 - West
VASS,2,38,0.55590516,12.917966,0.8227558,19.118965,0.96177197,22.349382,Vassdrag 2 - West
VASS,2,39,0.56488013,13.126523,0.82926446,19.27021,0.9640391,22.402065,Vassdrag 2 - West
VASS,2,40,0.58097076,13.500433,0.8342568,19.386223,0.9558433,22.211615,Vassdrag 2 - West
VASS,2,41,0.5832874,13.554267,0.8515664,19.788456,0.94761753,22.020466,Vassdrag 2 - West
VASS,2,42,0.5793727,13.463298,0.84032285,19.527184,0.93161124,21.648516,Vassdrag 2 - West
VASS,2,43,0.580006,13.478014,0.8463893,19.668152,0.9307933,21.629509,Vassdrag 2 - West
VASS,2,44,0.5991639,13.9232,0.84546494,19.646671,0.95679563,22.233744,Vassdrag 2 - West
VASS,2,45,0.6216341,14.445356,0.8294896,19.275442,0.94566905,21.975187,Vassdrag 2 - West
VASS,2,46,0.6221096,14.456406,0.81614053,18.96524,0.9258173,21.51388,Vassdrag 2 - West
VASS,2,47,0.60686624,14.102184,0.82094574,19.076904,0.9558354,22.21143,Vassdrag 2 - West
VASS,2,48,0.572349,13.300083,0.8120614,18.870451,0.9501123,22.078438,Vassdrag 2 - West
VASS,2,49,0.5410973,12.573864,0.7890563,18.335865,0.9244438,21.48196,Vassdrag 2 - West
VASS,2,50,0.5083462,11.812803,0.76595974,17.799152,0.89261967,20.742441,Vassdrag 2 - West
VASS,2,51,0.47137782,10.953743,0.74122083,17.224277,0.8857011,20.58167,Vassdrag 2 - West
VASS,2,52,0.4425306,10.283401,0.721468,16.765266,0.88747,20.622776,Vassdrag 2 - West
VASS,2,53,0.42874995,9.963169,0.7081189,16.455065,0.86400115,20.077412,Vassdrag 2 - West
VASS,3,1,0.44263652,12.462609,0.62624454,17.632168,0.8040022,22.637007,Vassdrag 3 - Central
VASS,3,2,0.42237106,11.892027,0.6070126,17.090687,0.77802676,21.905657,Vassdrag 3 - Central
VASS,3,3,0.40754846,11.47469,0.58991265,16.60923,0.79989564,22.521383,Vassdrag 3 - Central
VASS,3,4,0.3944023,11.104556,0.5708095,16.071371,0.7877931,22.180632,Vassdrag 3 - Central
VASS,3,5,0.38304597,10.784814,0.5477508,15.422144,0.7660764,21.56919,Vassdrag 3 - Central
VASS,3,6,0.3682271,10.367582,0.5245651,14.769342,0.74876237,21.081705,Vassdrag 3 - Central
VASS,3,7,0.34381896,9.680362,0.5021663,14.138695,0.72371,20.376347,Vassdrag 3 - Central
VASS,3,8,0.31946546,8.9946785,0.47865063,13.476601,0.7026977,19.784737,Vassdrag 3 - Central
VASS,3,9,0.3047135,8.579331,0.45468515,12.801844,0.68419236,19.26371,Vassdrag 3 - Central
VASS,3,10,0.2912836,8.201207,0.44145232,12.429268,0.6778062,19.083906,Vassdrag 3 - Central
VASS,3,11,0.27209762,7.661018,0.42290905,11.907175,0.65526503,18.44925,Vassdrag 3 - Central
VASS,3,12,0.26044607,7.332964,0.40280077,11.341018,0.63982695,18.014585,Vassdrag 3 - Central
VASS,3,13,0.245584,6.914516,0.38746494,10.909231,0.624949,17.59569,Vassdrag 3 - Central
VASS,3,14,0.23826662,6.7084928,0.3749925,10.558064,0.61577356,17.33735,Vassdrag 3 - Central
VASS,3,15,0.2273177,6.400222,0.35668635,10.042648,0.6046245,17.023447,Vassdrag 3 - Central
VASS,3,16,0.216959,6.1085677,0.34506184,9.715355,0.6084329,17.130672,Vassdrag 3 - Central
VASS,3,17,0.19386168,5.4582534,0.3346275,9.421572,0.59501797,16.752972,Vassdrag 3 - Central
VASS,3,18,0.19639103,5.529468,0.34858036,9.814421,0.5980601,16.838621,Vassdrag 3 - Central
VASS,3,19,0.21309847,5.999873,0.3495701,9.842287,0.5933392,16.705704,Vassdrag 3 - Central
VASS,3,20,0.26594868,7.487892,0.37016344,10.4221,0.6028227,16.972717,Vassdrag 3 - Central
VASS,3,21,0.26113907,7.3524756,0.4243474,11.947672,0.61814475,17.404114,Vassdrag 3 - Central
VASS,3,22,0.29395413,8.276397,0.47272557,13.309778,0.6522973,18.365694,Vassdrag 3 - Central
VASS,3,23,0.3803466,10.708812,0.5290508,14.895639,0.6932304,19.518179,Vassdrag 3 - Central
VASS,3,24,0.46329972,13.04439,0.57477033,16.182888,0.72467226,20.403439,Vassdrag 3 - Central
VASS,3,25,0.51060236,14.376215,0.6214944,17.498425,0.78995234,22.241426,Vassdrag 3 - Central
VASS,3,26,0.5222003,14.702759,0.6656325,18.74115,0.8313473,23.406918,Vassdrag 3 - Central
VASS,3,27,0.5259218,14.80754,0.694155,19.544214,0.8577541,24.150412,Vassdrag 3 - Central
VASS,3,28,0.5256487,14.79985,0.71967125,20.262634,0.87211466,24.554739,Vassdrag 3 - Central
VASS,3,29,0.5299757,14.9216795,0.7298408,20.548962,0.8918598,25.110672,Vassdrag 3 - Central
VASS,3,30,0.535317,15.072065,0.7540787,21.231388,0.89997,25.339018,Vassdrag 3 - Central
VASS,3,31,0.54325664,15.295609,0.7636541,21.500988,0.9144244,25.745989,Vassdrag 3 - Central
VASS,3,32,0.56311846,15.854827,0.7718138,21.730728,0.9316265,26.230318,Vassdrag 3 - Central
VASS,3,33,0.5827409,16.407305,0.77498114,21.819904,0.94269,26.541817,Vassdrag 3 - Central
VASS,3,34,0.60018766,16.898525,0.7801774,21.96621,0.952557,26.819628,Vassdrag 3 - Central
VASS,3,35,0.5982315,16.843449,0.78963447,22.232475,0.9415059,26.508478,Vassdrag 3 - Central
VASS,3,36,0.5912264,16.646217,0.80441284,22.648567,0.9364078,26.364939,Vassdrag 3 - Central
VASS,3,37,0.59521544,16.75853,0.8069496,22.71999,0.9320927,26.243444,Vassdrag 3 - Central
VASS,3,38,0.6208899,17.481403,0.7962236,22.417995,0.9268367,26.09546,Vassdrag 3 - Central
VASS,3,39,0.65337485,18.39603,0.80366397,22.627483,0.9342915,26.305353,Vassdrag 3 - Central
VASS,3,40,0.6576904,18.517536,0.80041665,22.536053,0.9358536,26.349335,Vassdrag 3 - Central
VASS,3,41,0.6816254,19.191437,0.807798,22.743877,0.9394984,26.451958,Vassdrag 3 - Central
VASS,3,42,0.6750764,19.00705,0.81109536,22.836716,0.9524852,26.817604,Vassdrag 3 - Central
VASS,3,43,0.66639274,18.762556,0.8098712,22.80225,0.9451564,26.611258,Vassdrag 3 - Central
VASS,3,44,0.6602673,18.590092,0.811774,22.855825,0.9341147,26.300375,Vassdrag 3 - Central
VASS,3,45,0.6431349,18.107721,0.79852855,22.482891,0.9249125,26.041283,Vassdrag 3 - Central
VASS,3,46,0.6205026,17.4705,0.77711177,21.879894,0.9175029,25.832663,Vassdrag 3 - Central
VASS,3,47,0.59451634,16.738846,0.7612703,21.43387,0.9220827,25.961609,Vassdrag 3 - Central
VASS,3,48,0.56618094,15.941052,0.74273133,20.9119,0.9088694,25.589584,Vassdrag 3 - Central
VASS,3,49,0.53886104,15.171849,0.71864974,20.233873,0.8856411,24.935581,Vassdrag 3 - Central
VASS,3,50,0.5130995,14.446523,0.6902866,19.435297,0.85821074,24.163269,Vassdrag 3 - Central
VASS,3,51,0.48699516,13.711545,0.666705,18.771347,0.83153373,23.412167,Vassdrag 3 - Central
VASS,3,52,0.46507522,13.094379,0.64859307,18.2614,0.82701796,23.285023,Vassdrag 3 - Central
VASS,3,53,0.45385587,12.778495,0.63731503,17.943863,0.81533456,22.956072,Vassdrag 3 - Central
