date,Open,High,Low,Close,Volume
2021-10-18,58.540000915527344,58.540000915527344,58.540000915527344,58.540000915527344,0
2021-10-19,54.52000045776367,54.52000045776367,54.52000045776367,54.52000045776367,0
2021-10-20,57.7599983215332,57.7599983215332,57.7599983215332,57.7599983215332,0
2021-10-21,57.959999084472656,57.959999084472656,57.959999084472656,57.959999084472656,0
2021-10-22,58.25,58.25,58.25,58.25,0
2021-10-25,58.959999084472656,58.959999084472656,58.959999084472656,58.959999084472656,0
2021-10-26,59.779998779296875,59.779998779296875,59.779998779296875,59.779998779296875,0
2021-10-27,59.880001068115234,59.880001068115234,59.880001068115234,59.880001068115234,0
2021-10-28,58.54999923706055,58.54999923706055,58.54999923706055,58.54999923706055,0
2021-10-29,58.70000076293945,58.70000076293945,58.70000076293945,58.70000076293945,0
2021-11-01,56.91999816894531,56.91999816894531,56.91999816894531,56.91999816894531,0
2021-11-02,59.43000030517578,59.43000030517578,59.43000030517578,59.43000030517578,0
2021-11-03,59.79999923706055,59.79999923706055,59.79999923706055,59.79999923706055,0
2021-11-04,60.279998779296875,60.29999923706055,59.939998626708984,60.290000915527344,50428
2021-11-05,60.04999923706055,60.79999923706055,59.75,59.54999923706055,4400
2021-11-08,61.0,61.119998931884766,60.25,60.689998626708984,23893
2021-11-09,61.150001525878906,61.150001525878906,59.849998474121094,60.540000915527344,1000
2021-11-10,61.36000061035156,61.36000061035156,61.36000061035156,63.290000915527344,9
2021-11-11,65.16000366210938,65.16000366210938,63.400001525878906,64.01499938964844,1910
2021-11-12,64.5999984741211,64.5999984741211,63.75,63.53499984741211,1230
2021-11-15,64.80999755859375,66.08999633789062,64.69999694824219,66.56500244140625,6400
2021-11-16,67.01000213623047,69.0,67.01000213623047,67.71499633789062,16009
2021-11-17,68.0,68.73999786376953,67.69999694824219,67.58499908447266,4310
2021-11-18,67.0,69.05000305175781,66.63999938964844,69.0199966430664,2157
2021-11-19,70.16999816894531,70.16999816894531,69.30000305175781,69.53500366210938,2250
2021-11-22,70.86000061035156,71.51000213623047,69.8499984741211,70.08999633789062,7412
2021-11-23,70.16000366210938,70.73999786376953,68.64095306396484,69.29499816894531,2124
2021-11-24,70.0199966430664,73.55999755859375,69.5,73.05999755859375,11050
2021-11-25,73.4000015258789,74.63999938964844,72.62000274658203,74.74500274658203,837
2021-11-26,72.76000213623047,73.94000244140625,72.73999786376953,73.33000183105469,976
2021-11-29,73.33000183105469,75.83999633789062,73.33000183105469,74.37000274658203,25600
2021-11-30,74.94999694824219,75.93000030517578,74.94999694824219,75.47000122070312,22829
2021-12-01,75.95999908447266,77.43000030517578,75.55000305175781,77.11499786376953,2724
2021-12-02,90.0,90.0,77.08999633789062,79.78500366210938,2799
2021-12-03,81.77999877929688,81.77999877929688,79.20999908447266,78.51000213623047,395
2021-12-06,80.0999984741211,81.79000091552734,80.0999984741211,81.3550033569336,6283
2021-12-07,83.44000244140625,85.5,74.49347686767578,85.1449966430664,5403
2021-12-08,86.87999725341797,90.80999755859375,86.87999725341797,90.12000274658203,4783
2021-12-09,90.61000061035156,90.61000061035156,80.8499984741211,80.65499877929688,18294
2021-12-10,82.0,83.26000213623047,80.44000244140625,83.45999908447266,5255
2021-12-13,85.94999694824219,86.52999877929688,81.83999633789062,82.33499908447266,14506
2021-12-14,82.19999694824219,83.86781311035156,79.0,79.83999633789062,2053
2021-12-15,79.87000274658203,81.29000091552734,79.87000274658203,80.57499694824219,4969
2021-12-16,81.06999969482422,85.0,80.87000274658203,84.7750015258789,2724
2021-12-17,86.0199966430664,86.0199966430664,74.86000061035156,73.53500366210938,11366
2021-12-20,75.37999725341797,79.55000305175781,74.80000305175781,80.11000061035156,2783
2021-12-21,84.0,84.0,79.0,80.0,3458
2021-12-22,76.30000305175781,79.7699966430664,75.76000213623047,76.8949966430664,6145
2021-12-23,76.1500015258789,76.1500015258789,74.0,74.20500183105469,1131
2021-12-24,72.33999633789062,75.97000122070312,72.33999633789062,74.47000122070312,309
2021-12-29,80.05000305175781,80.05000305175781,78.0,79.91999816894531,4386
2021-12-30,80.41999816894531,80.41999816894531,79.4000015258789,79.80000305175781,14
2021-12-31,80.0,80.0,79.79000091552734,79.57499694824219,209
2022-01-04,83.55999755859375,86.0,83.55999755859375,84.80000305175781,1035
2022-01-05,86.23999786376953,88.0,85.5,87.5199966430664,2077
2022-01-06,87.5,87.5,86.12999725341797,86.81500244140625,667
2022-01-07,87.12000274658203,87.12000274658203,85.44999694824219,85.30000305175781,3400
2022-01-10,87.44000244140625,87.44000244140625,80.0,80.41999816894531,3521
2022-01-11,81.11000061035156,84.57006072998047,81.0,81.7300033569336,2251
2022-01-12,81.52999877929688,81.66000366210938,79.0,80.0199966430664,2193
2022-01-13,80.25,81.31999969482422,77.94999694824219,80.875,2380
2022-01-14,83.0,83.93000030517578,82.25,82.25,1075
2022-01-17,84.30999755859375,84.30999755859375,81.0,80.2249984741211,133
2022-01-18,83.0,83.0,80.0,82.2300033569336,187
2022-01-19,84.5999984741211,84.5999984741211,81.5,81.6050033569336,631
2022-01-20,81.0,85.05000305175781,81.0,85.19999694824219,835
2022-01-21,85.52999877929688,85.52999877929688,84.0,84.4000015258789,5567
2022-01-24,85.9000015258789,87.0,82.80999755859375,83.58999633789062,6086
2022-01-25,84.8499984741211,87.98999786376953,80.76310729980469,87.2249984741211,1886
2022-01-26,88.0,90.37000274658203,88.0,88.78500366210938,5488
2022-01-27,88.18000030517578,89.87999725341797,88.18000030517578,89.84500122070312,1667
2022-01-28,89.0,89.8499984741211,89.0,89.47000122070312,409
2022-01-31,89.37999725341797,89.80999755859375,89.30000305175781,88.87999725341797,1334
2022-02-01,91.11000061035156,91.11000061035156,87.12000274658203,88.86499786376953,1520
2022-02-02,87.0,94.0,87.0,93.1449966430664,1676
2022-02-03,94.0,94.80000305175781,91.66000366210938,94.62999725341797,3098
2022-02-04,95.0,96.66000366210938,94.48999786376953,95.33000183105469,2837
2022-02-07,95.33000183105469,96.02999877929688,93.75,95.43499755859375,2189
2022-02-08,97.62000274658203,97.63999938964844,89.34307861328125,95.23999786376953,15188
2022-02-09,98.0199966430664,98.0199966430664,90.0,91.41000366210938,3369
2022-02-10,92.13999938964844,92.13999938964844,88.83000183105469,90.7750015258789,4872
2022-02-11,93.4000015258789,93.4000015258789,89.37999725341797,92.31500244140625,3107
2022-02-14,92.45999908447266,92.45999908447266,90.16000366210938,90.80500030517578,965
2022-02-15,90.79000091552734,94.75460052490234,89.79000091552734,89.68499755859375,6234
2022-02-16,88.58999633789062,89.44999694824219,87.30000305175781,89.06999969482422,3339
2022-02-17,89.02999877929688,89.02999877929688,85.5999984741211,85.74500274658203,3073
2022-02-18,87.38999938964844,88.33000183105469,87.0999984741211,88.66500091552734,2427
2022-02-21,88.66999816894531,89.30000305175781,88.45999908447266,89.01499938964844,2027
2022-02-22,87.87999725341797,92.15724182128906,87.87999725341797,89.0,719
2022-02-23,92.25,94.5,92.25,94.42500305175781,6183
2022-02-24,94.43000030517578,94.43000030517578,86.56999969482422,86.51000213623047,3516
2022-02-25,87.5999984741211,87.5999984741211,86.66999816894531,87.1500015258789,53
2022-02-28,86.3499984741211,86.3499984741211,81.0,81.13500213623047,3137
2022-03-01,81.11000061035156,87.23355102539062,67.7300033569336,69.4000015258789,5941
2022-03-02,74.98999786376953,74.98999786376953,55.63999938964844,67.37000274658203,6462
2022-03-03,68.54000091552734,68.81999969482422,63.439998626708984,66.33999633789062,4870
2022-03-04,67.0,68.0999984741211,63.36000061035156,64.66999816894531,2407
2022-03-07,64.0,64.0,56.599998474121094,57.720001220703125,5709
2022-03-08,59.16999816894531,68.83883666992188,57.939998626708984,67.75499725341797,2523
2022-03-09,72.0,73.13999938964844,69.9000015258789,72.26499938964844,3679
2022-03-10,75.0,75.77999877929688,69.3499984741211,74.87999725341797,2454
2022-03-11,75.77999877929688,76.9000015258789,75.31999969482422,75.91999816894531,1051
2022-03-14,78.13999938964844,79.0,77.80000305175781,77.7699966430664,5364
2022-03-15,79.0,79.0,71.4677963256836,76.41000366210938,321
2022-03-16,76.91999816894531,76.91999816894531,75.33999633789062,77.63500213623047,1720
2022-03-17,78.0,79.51000213623047,76.54000091552734,79.25,457
2022-03-18,79.51000213623047,79.51000213623047,78.5,78.08000183105469,230
2022-03-21,80.0,80.0,76.72000122070312,78.0250015258789,671
2022-03-22,78.5,80.5,78.48999786376953,79.9800033569336,2299
2022-03-23,79.87000274658203,79.93000030517578,75.58999633789062,76.36499786376953,2203
2022-03-24,76.62000274658203,76.80000305175781,75.5,78.16000366210938,2366
2022-03-25,78.01499938964844,78.01499938964844,78.01499938964844,78.01499938964844,0
2022-03-28,75.68000030517578,81.27999877929688,75.68000030517578,80.125,3199
2022-03-29,80.0,81.11000061035156,80.0,80.93000030517578,2777
2022-03-30,78.88999938964844,78.88999938964844,76.56999969482422,77.72000122070312,3178
2022-03-31,78.88999938964844,79.1500015258789,75.0999984741211,76.00499725341797,2755
2022-04-01,78.5999984741211,78.5999984741211,77.45999908447266,77.5999984741211,1116
2022-04-04,76.94999694824219,78.4800033569336,76.94999694824219,78.0,297
2022-04-05,78.16000366210938,78.16000366210938,77.37999725341797,77.88500213623047,155
2022-04-06,78.0,78.0,76.66000366210938,76.68499755859375,2011
2022-04-07,76.58000183105469,79.58999633789062,76.58000183105469,79.43000030517578,290
2022-04-08,79.93000030517578,80.16000366210938,79.72000122070312,79.55999755859375,318
2022-04-11,79.0,79.0,77.23999786376953,77.2699966430664,904
2022-04-12,76.80000305175781,76.80000305175781,76.5199966430664,78.55999755859375,213
2022-04-13,77.25,77.25,76.97000122070312,76.92500305175781,630
2022-04-14,77.55999755859375,78.23999786376953,77.55999755859375,79.26000213623047,14
2022-04-19,79.66999816894531,81.8499984741211,79.30000305175781,79.55000305175781,2890
2022-04-20,79.4000015258789,86.87999725341797,79.3499984741211,86.28500366210938,21382
2022-04-21,86.05999755859375,86.5,85.30000305175781,85.94000244140625,652
2022-04-22,86.22000122070312,88.0999984741211,86.22000122070312,88.21499633789062,59
2022-04-25,85.5199966430664,85.93000030517578,82.77999877929688,82.58000183105469,657
2022-04-26,83.13999938964844,87.64675903320312,82.0,81.5,3348
2022-04-27,79.62000274658203,79.66999816894531,77.80000305175781,80.21499633789062,4128
2022-04-28,81.08000183105469,81.22000122070312,81.08000183105469,82.03500366210938,640
2022-04-29,82.91999816894531,83.69999694824219,81.87999725341797,82.94000244140625,1422
2022-05-03,82.05000305175781,87.69999694824219,78.1246109008789,87.38500213623047,1330
2022-05-04,87.75,87.75,85.0,87.04000091552734,1859
2022-05-05,86.36000061035156,91.0,86.2699966430664,87.96499633789062,9876
2022-05-06,88.93000030517578,91.16000366210938,88.93000030517578,90.7249984741211,3765
2022-05-09,87.08000183105469,87.08000183105469,86.0,86.12999725341797,240
2022-05-10,85.48999786376953,90.16258239746094,85.48999786376953,86.50499725341797,297
2022-05-11,84.27999877929688,88.52999877929688,82.52999877929688,87.73999786376953,2786
2022-05-12,85.69000244140625,87.55000305175781,85.69000244140625,87.25,939
2022-05-13,88.62000274658203,88.62000274658203,87.19000244140625,87.37999725341797,1228
2022-05-16,88.86000061035156,88.86000061035156,87.69999694824219,88.63500213623047,1597
2022-05-17,90.12000274658203,91.13999938964844,82.04181671142578,90.73999786376953,290
2022-05-18,87.45999908447266,88.01000213623047,82.5999984741211,83.83000183105469,4383
2022-05-19,82.81999969482422,82.91999816894531,79.31999969482422,82.0199966430664,4846
2022-05-20,80.83999633789062,81.27999877929688,80.0,79.65499877929688,3456
2022-05-23,79.75,79.75,77.5,77.18000030517578,4642
2022-05-24,77.52999877929688,82.46044158935547,77.52999877929688,80.41500091552734,6620
2022-05-25,80.22000122070312,81.44000244140625,80.22000122070312,80.68499755859375,582
2022-05-26,81.0,84.0,81.0,84.37999725341797,6530
2022-05-27,84.0,84.56999969482422,83.27999877929688,83.36000061035156,971
2022-05-30,82.7750015258789,82.7750015258789,82.7750015258789,82.7750015258789,0
2022-05-31,82.68000030517578,83.37000274658203,82.68000030517578,83.36499786376953,1054
2022-06-01,84.58999633789062,85.0,84.4000015258789,85.45500183105469,2074
2022-06-06,85.0,85.0,81.0,80.79000091552734,1752
2022-06-07,81.0,83.53485870361328,80.0,80.17500305175781,1183
2022-06-08,82.19000244140625,82.19000244140625,78.5999984741211,79.40499877929688,708
2022-06-09,79.0,80.7300033569336,79.0,80.28500366210938,798
2022-06-10,80.45999908447266,81.61000061035156,80.45999908447266,81.30500030517578,189
2022-06-13,79.54000091552734,81.0,79.44999694824219,80.75499725341797,669
2022-06-14,82.51000213623047,83.55000305175781,80.72628021240234,83.26000213623047,5422
2022-06-15,84.0,85.5,83.75,85.75,2042
2022-06-16,85.75,85.80999755859375,81.87000274658203,82.26499938964844,1029
2022-06-17,82.20999908447266,83.05999755859375,81.88999938964844,81.53500366210938,766
2022-06-20,82.54000091552734,82.54000091552734,82.54000091552734,83.05500030517578,10
2022-06-21,83.77999877929688,83.77999877929688,83.77999877929688,83.55500030517578,43
2022-06-22,83.26000213623047,83.26000213623047,80.75,80.81500244140625,2647
2022-06-23,80.83999633789062,83.0,80.83999633789062,82.88999938964844,2287
2022-06-24,83.27999877929688,83.4000015258789,83.27999877929688,82.66999816894531,12
2022-06-27,82.7699966430664,84.58000183105469,82.76000213623047,83.69000244140625,314
2022-06-28,83.9000015258789,86.5999984741211,82.67413330078125,86.54499816894531,264
2022-06-29,86.30000305175781,88.9000015258789,86.30000305175781,87.29499816894531,2955
2022-06-30,86.87999725341797,89.05000305175781,86.87999725341797,88.81500244140625,1910
2022-07-01,87.91000366210938,88.33000183105469,84.12000274658203,84.70999908447266,2270
2022-07-04,86.83000183105469,86.83000183105469,84.5,83.71499633789062,635
2022-07-05,82.12999725341797,88.38945007324219,82.12999725341797,82.375,5
2022-07-06,83.25,83.25,83.25,82.7249984741211,132
2022-07-07,84.1500015258789,84.1500015258789,84.1500015258789,84.1500015258789,0
2022-07-08,83.05000305175781,83.05000305175781,82.45999908447266,82.125,212
2022-07-11,83.0,83.0,83.0,83.52999877929688,69
2022-07-12,84.11000061035156,84.11000061035156,82.43377685546875,84.75,130
2022-07-13,83.1050033569336,83.1050033569336,83.1050033569336,83.1050033569336,0
2022-07-14,83.11000061035156,83.19999694824219,82.77999877929688,83.20500183105469,1195
2022-07-15,84.6449966430664,84.6449966430664,84.6449966430664,84.6449966430664,0
2022-07-18,84.08999633789062,84.08999633789062,83.83999633789062,83.98500061035156,134
2022-07-19,83.22000122070312,83.22000122070312,82.08999633789062,82.56999969482422,133
2022-07-20,80.5,80.5,77.95999908447266,78.375,456
2022-07-21,78.44000244140625,78.44000244140625,77.12999725341797,77.19999694824219,1076
2022-07-22,79.0,79.0,79.0,75.9000015258789,2
2022-07-25,75.0,76.69000244140625,75.0,75.53500366210938,451
2022-07-26,76.13999938964844,83.51641845703125,75.75,76.0199966430664,94
2022-07-27,78.30000305175781,78.30000305175781,75.48999786376953,75.29000091552734,10
2022-07-28,76.4000015258789,76.4000015258789,76.22000122070312,77.92500305175781,59
2022-07-29,77.33000183105469,77.33000183105469,77.33000183105469,77.33000183105469,0
2022-08-01,79.62000274658203,79.62000274658203,79.62000274658203,79.62000274658203,0
2022-08-02,79.62999725341797,79.62999725341797,76.03846740722656,81.0250015258789,4
2022-08-03,82.94999694824219,83.0,82.94999694824219,83.07499694824219,251
2022-08-04,83.5,83.5,83.4000015258789,83.33000183105469,30
2022-08-05,84.0,84.0,83.91000366210938,84.01499938964844,22
2022-08-08,83.97000122070312,84.0,82.73999786376953,83.31999969482422,82
2022-08-09,83.58000183105469,85.0,83.58000183105469,84.76499938964844,709
2022-08-10,85.0,85.0,85.0,85.0,0
2022-08-11,85.0,86.66000366210938,85.0,86.13999938964844,91
2022-08-12,87.37999725341797,88.0,87.37999725341797,83.5,1102
2022-08-15,88.30999755859375,89.5,88.30999755859375,89.73500061035156,645
2022-08-16,90.0,91.19999694824219,87.76811218261719,91.23500061035156,1979
2022-08-17,92.0,95.0,92.0,95.04000091552734,4898
2022-08-18,92.70999908447266,94.72000122070312,90.80999755859375,95.62999725341797,2553
2022-08-19,95.13999938964844,96.8499984741211,95.13999938964844,96.41500091552734,649
2022-08-22,96.0,96.16000366210938,90.01000213623047,90.8550033569336,1196
2022-08-23,92.33999633789062,97.56163787841797,88.81999969482422,88.28500366210938,208
2022-08-24,88.33000183105469,88.33000183105469,88.25,88.11499786376953,110
2022-08-25,88.5,88.5,88.5,87.67500305175781,25
2022-08-26,88.33000183105469,89.12999725341797,87.26000213623047,89.05999755859375,1008
2022-08-30,88.0,88.0,79.02999877929688,79.5999984741211,14220
2022-08-31,80.27999877929688,80.27999877929688,79.0,79.22000122070312,6307
2022-09-01,77.66000366210938,80.0,76.91000366210938,79.6500015258789,2773
2022-09-02,78.62000274658203,78.62000274658203,76.62000274658203,76.87999725341797,250
2022-09-05,75.0,75.0,73.37000274658203,73.19000244140625,785
2022-09-06,72.5,85.21793365478516,69.0,68.74500274658203,3438
2022-09-07,69.5999984741211,69.95999908447266,68.05000305175781,68.9000015258789,2279
2022-09-08,67.27999877929688,67.27999877929688,65.80000305175781,66.5,2398
2022-09-09,64.97000122070312,66.0,64.97000122070312,65.3499984741211,726
2022-09-12,66.68000030517578,68.76000213623047,66.66000366210938,71.16999816894531,2075
2022-09-13,71.1500015258789,72.33000183105469,67.58999633789062,69.13500213623047,5414
2022-09-14,69.0,71.44000244140625,68.5,70.9000015258789,7022
2022-09-15,70.43000030517578,70.58999633789062,69.30000305175781,71.0999984741211,1236
2022-09-16,72.23999786376953,72.23999786376953,72.23999786376953,71.88999938964844,20
2022-09-20,70.30000305175781,73.44999694824219,69.5,70.17500305175781,1076
2022-09-21,68.75,68.75,68.75,68.91000366210938,10
2022-09-22,69.36000061035156,69.36000061035156,69.36000061035156,69.18000030517578,60
2022-09-23,68.77999877929688,68.77999877929688,64.94000244140625,65.06999969482422,2018
2022-09-26,65.08999633789062,70.20999908447266,64.66000366210938,69.16000366210938,1332
2022-09-27,68.08000183105469,68.08000183105469,68.08000183105469,67.13999938964844,1003
2022-09-28,66.12000274658203,66.12000274658203,63.79999923706055,64.41500091552734,2766
2022-09-29,64.02999877929688,64.02999877929688,64.02999877929688,65.20999908447266,1003
2022-09-30,66.23999786376953,66.5199966430664,66.23999786376953,65.72000122070312,1084
2022-10-03,65.07499694824219,65.07499694824219,65.07499694824219,65.07499694824219,0
2022-10-04,66.69999694824219,70.0,65.25,66.61000061035156,101
2022-10-05,70.0,70.0,68.0,66.1449966430664,1042
2022-10-06,65.44999694824219,65.44999694824219,65.44999694824219,68.22000122070312,50
2022-10-07,68.56999969482422,68.91999816894531,68.56999969482422,69.00499725341797,35
2022-10-10,68.0,68.0,65.97000122070312,65.97000122070312,115
2022-10-11,65.0,65.5,65.0,65.38999938964844,86
2022-10-12,64.68000030517578,68.02999877929688,64.68000030517578,65.72000122070312,1199
2022-10-13,64.8499984741211,67.13999938964844,64.8499984741211,67.93499755859375,766
2022-10-14,67.16999816894531,67.23999786376953,66.62999725341797,67.16500091552734,581
2022-10-17,65.91000366210938,66.52999877929688,65.91000366210938,66.47000122070312,553
2022-10-18,66.19999694824219,66.19999694824219,66.19999694824219,66.87999725341797,16
2022-10-19,68.68000030517578,68.68000030517578,68.0,66.62000274658203,643
2022-10-20,66.30000305175781,66.69000244140625,66.30000305175781,65.98500061035156,3053
2022-10-21,66.66000366210938,68.19000244140625,66.5999984741211,68.22000122070312,15525
2022-10-24,67.05999755859375,71.51000213623047,67.05999755859375,71.4000015258789,6055
2022-10-25,71.4000015258789,76.80999755859375,71.4000015258789,76.00499725341797,7638
2022-10-26,75.98999786376953,76.88999938964844,75.19999694824219,74.44000244140625,17509
2022-10-27,78.0199966430664,79.0,78.0199966430664,79.01499938964844,9502
2022-10-28,80.0,81.0,80.0,80.44999694824219,3502
2022-10-31,80.5199966430664,80.5199966430664,78.04000091552734,78.76000213623047,805
2022-11-01,78.87000274658203,78.87000274658203,75.05000305175781,75.76499938964844,6051
2022-11-02,75.86499786376953,75.86499786376953,75.86499786376953,75.86499786376953,0
2022-11-03,74.76000213623047,77.02999877929688,74.76000213623047,75.70500183105469,6224
2022-11-04,77.0199966430664,77.0199966430664,76.72000122070312,75.54499816894531,6006
2022-11-07,75.5,75.5,75.37999725341797,77.0,13
2022-11-08,75.18000030517578,75.18000030517578,75.0,75.23999786376953,116
2022-11-09,74.19999694824219,74.26000213623047,72.55999755859375,72.04000091552734,3096
2022-11-10,70.5,72.5,70.2300033569336,72.30500030517578,9274
2022-11-11,72.75,73.86000061035156,72.75,74.68000030517578,7771
2022-11-14,74.37999725341797,74.37999725341797,74.30000305175781,74.17500305175781,34
2022-11-15,73.9000015258789,76.0,73.51000213623047,75.83999633789062,1850
2022-11-16,72.80000305175781,72.80000305175781,72.80000305175781,72.53500366210938,50
2022-11-17,72.97000122070312,73.79000091552734,72.97000122070312,71.4000015258789,12
2022-11-18,72.23999786376953,72.23999786376953,72.23999786376953,71.25,40
2022-11-21,72.2300033569336,73.79000091552734,72.2300033569336,73.6500015258789,247
2022-11-22,73.03500366210938,73.03500366210938,73.03500366210938,73.03500366210938,0
2022-11-23,73.33000183105469,75.36000061035156,73.33000183105469,75.09500122070312,272
2022-11-24,75.2699966430664,77.5,75.2699966430664,77.62999725341797,184
2022-11-25,78.5999984741211,78.5999984741211,77.9000015258789,77.90499877929688,150
2022-11-28,77.0,78.0,76.80000305175781,77.79000091552734,106
2022-11-29,77.77999877929688,80.06999969482422,77.77999877929688,80.33000183105469,990
2022-11-30,80.80999755859375,83.5,80.80999755859375,84.05000305175781,5121
2022-12-01,84.3499984741211,86.91999816894531,84.3499984741211,84.04000091552734,2136
2022-12-02,85.0,86.80000305175781,84.05999755859375,86.79499816894531,421
2022-12-05,86.75,86.75,85.06999969482422,86.69999694824219,277
2022-12-06,85.6500015258789,86.69999694824219,85.6500015258789,86.7699966430664,522
2022-12-07,88.94000244140625,88.94000244140625,85.73999786376953,87.40499877929688,1012
2022-12-08,86.83999633789062,88.36000061035156,86.83999633789062,87.70999908447266,700
2022-12-09,88.0,88.0,88.0,86.48500061035156,1
2022-12-12,87.08000183105469,88.6500015258789,87.08000183105469,89.0250015258789,653
2022-12-13,88.5,88.5,86.5999984741211,87.88999938964844,48
2022-12-14,88.1500015258789,88.1500015258789,84.19000244140625,85.68499755859375,276
2022-12-15,85.80000305175781,86.30999755859375,84.20999908447266,84.4000015258789,6216
2022-12-16,84.43000030517578,85.0,83.44000244140625,82.4800033569336,221
2022-12-19,83.01000213623047,84.56999969482422,82.58000183105469,83.19999694824219,3413
2022-12-20,82.80999755859375,85.94000244140625,82.66000366210938,85.5999984741211,25274
2022-12-21,82.69999694824219,83.93000030517578,82.69999694824219,83.76000213623047,400
2022-12-22,85.0,85.75,85.0,85.28500366210938,143
2022-12-23,85.54000091552734,85.54000091552734,85.54000091552734,85.54000091552734,0
2022-12-28,83.76000213623047,83.76000213623047,81.76000213623047,82.15499877929688,2062
2022-12-29,81.19999694824219,81.19999694824219,81.0,80.57499694824219,112
2022-12-30,79.0,80.5999984741211,79.0,80.94499969482422,1373
2023-01-03,82.0,82.0,78.80000305175781,79.49500274658203,238
2023-01-04,78.0,78.0,74.0,73.9000015258789,571
2023-01-05,75.25499725341797,75.25499725341797,75.25499725341797,75.25499725341797,0
2023-01-06,74.87999725341797,74.91000366210938,74.87999725341797,73.8949966430664,26
2023-01-09,75.9000015258789,78.88999938964844,75.9000015258789,78.37999725341797,5661
2023-01-10,79.05999755859375,79.05999755859375,79.05999755859375,77.49500274658203,35
2023-01-11,76.69000244140625,77.5,74.98999786376953,75.3499984741211,5489
2023-01-12,76.57499694824219,76.57499694824219,76.57499694824219,76.57499694824219,0
2023-01-13,76.63999938964844,76.63999938964844,76.63999938964844,76.09500122070312,28
2023-01-16,76.0999984741211,76.0999984741211,74.0,74.29499816894531,9673
2023-01-17,74.5,75.87000274658203,73.86000061035156,76.05500030517578,450
2023-01-18,78.43000030517578,78.43000030517578,78.43000030517578,79.77999877929688,40
2023-01-19,80.62999725341797,81.19000244140625,80.25,80.66000366210938,150
2023-01-20,80.19999694824219,81.11000061035156,80.19999694824219,81.5,528
2023-01-23,81.49500274658203,81.49500274658203,81.49500274658203,81.49500274658203,0
2023-01-24,80.26000213623047,80.61000061035156,78.2723388671875,79.05500030517578,619
2023-01-25,79.19000244140625,79.80000305175781,78.6500015258789,81.30000305175781,615
2023-01-26,82.0,85.4000015258789,82.0,85.4000015258789,516
2023-01-27,85.69999694824219,86.18000030517578,85.4000015258789,85.49500274658203,1109
2023-01-30,83.69000244140625,84.69999694824219,83.69000244140625,86.11000061035156,28
2023-01-31,85.94999694824219,89.18000030517578,81.73750305175781,89.3949966430664,4721
2023-02-01,90.0,91.94999694824219,89.25,91.36000061035156,4320
2023-02-02,92.0,92.75,88.12999725341797,89.25,611
2023-02-03,89.54000091552734,91.5999984741211,88.0,89.73999786376953,945
2023-02-06,89.62999725341797,91.0999984741211,86.80000305175781,87.05000305175781,1438
2023-02-07,87.38999938964844,87.38999938964844,85.1500015258789,86.72000122070312,756
2023-02-08,86.73999786376953,86.73999786376953,86.31999969482422,86.33999633789062,746
2023-02-09,87.20999908447266,87.20999908447266,87.20999908447266,87.20999908447266,0
2023-02-10,89.26000213623047,89.26000213623047,88.19999694824219,89.12000274658203,242
2023-02-13,88.5,89.1500015258789,88.30000305175781,88.33000183105469,6145
2023-02-14,87.95999908447266,89.25,86.5,88.01499938964844,2450
2023-02-15,87.69999694824219,90.18000030517578,87.69999694824219,90.73500061035156,62
2023-02-16,91.9000015258789,94.0199966430664,91.9000015258789,93.54000091552734,1668
2023-02-17,93.0,94.0199966430664,92.0,92.2699966430664,523
2023-02-20,93.33000183105469,95.3499984741211,93.33000183105469,94.34500122070312,3668
2023-02-21,94.30000305175781,96.19999694824219,91.5409164428711,96.25,445
2023-02-22,95.18000030517578,95.18000030517578,92.0199966430664,92.37999725341797,562
2023-02-23,92.45999908447266,93.97000122070312,92.45999908447266,92.66500091552734,7831
2023-02-24,94.18000030517578,94.18000030517578,93.05999755859375,93.16999816894531,2357
2023-02-27,92.44000244140625,95.87999725341797,92.44000244140625,95.94999694824219,2209
2023-02-28,93.08000183105469,95.83999633789062,93.08000183105469,95.04000091552734,10136
2023-03-01,93.5199966430664,93.5199966430664,93.5199966430664,92.41999816894531,100
2023-03-02,92.08000183105469,92.08000183105469,88.80999755859375,88.79499816894531,217
2023-03-03,88.9000015258789,88.9000015258789,88.0,88.02999877929688,335
2023-03-06,89.5,90.3499984741211,89.18000030517578,89.01000213623047,236
2023-03-07,92.76000213623047,92.76000213623047,92.76000213623047,91.48500061035156,500
2023-03-08,93.0,93.98999786376953,92.54000091552734,93.55000305175781,336
2023-03-09,93.7699966430664,94.80000305175781,93.52999877929688,94.75499725341797,366
2023-03-10,95.51000213623047,95.51000213623047,94.25,95.80999755859375,32
2023-03-13,92.0,93.25,92.0,93.62000274658203,63
2023-03-14,91.66000366210938,93.31466674804688,89.30000305175781,88.83999633789062,7546
2023-03-15,90.3499984741211,91.0,85.94999694824219,85.44499969482422,2717
2023-03-16,85.0,85.0,82.80000305175781,84.19999694824219,7718
2023-03-17,85.8499984741211,85.8499984741211,83.70999908447266,83.75499725341797,2018
2023-03-20,81.4800033569336,85.0,81.36000061035156,84.08000183105469,1708
2023-03-21,85.7699966430664,89.7925033569336,85.69999694824219,86.55500030517578,445
2023-03-22,86.29000091552734,86.29000091552734,84.94000244140625,85.83499908447266,677
2023-03-23,87.56999969482422,89.16000366210938,87.56999969482422,89.1050033569336,800
2023-03-24,90.0,90.0,83.76000213623047,84.44999694824219,2550
2023-03-27,84.5199966430664,84.5199966430664,84.0,84.09500122070312,872
2023-03-28,86.3499984741211,86.3499984741211,85.55999755859375,85.83000183105469,77
2023-03-29,86.37999725341797,86.37999725341797,86.37999725341797,86.55000305175781,70
2023-03-30,86.87000274658203,87.5999984741211,86.68000030517578,87.21499633789062,60
2023-03-31,87.44999694824219,88.93000030517578,87.26000213623047,88.375,192
2023-04-03,90.0,91.25,89.9800033569336,91.98500061035156,475
2023-04-04,92.69000244140625,93.23999786376953,85.54090881347656,91.40499877929688,4753
2023-04-05,93.0999984741211,94.0199966430664,92.31999969482422,92.8499984741211,935
2023-04-06,93.08999633789062,93.95999908447266,93.06999969482422,92.83999633789062,150
2023-04-11,94.98999786376953,94.98999786376953,93.5199966430664,94.32499694824219,28
2023-04-12,91.5,93.62999725341797,91.41000366210938,92.30500030517578,6335
2023-04-13,92.0,92.0,89.5999984741211,90.7699966430664,10845
2023-04-14,89.62000274658203,89.62000274658203,89.62000274658203,90.2249984741211,250
2023-04-17,89.34500122070312,89.34500122070312,89.34500122070312,89.34500122070312,0
2023-04-18,89.91999816894531,90.5,89.12999725341797,91.84500122070312,802
2023-04-19,91.6500015258789,92.58000183105469,91.6500015258789,91.0250015258789,250
2023-04-20,88.94999694824219,89.19999694824219,88.94999694824219,88.31500244140625,100
2023-04-21,87.75,87.81999969482422,86.3499984741211,86.36000061035156,371
2023-04-24,86.04000091552734,86.16000366210938,84.62999725341797,85.30000305175781,3466
2023-04-25,85.41999816894531,88.9212417602539,83.5,83.36000061035156,6337
2023-04-26,83.2300033569336,83.2300033569336,82.08000183105469,82.44499969482422,429
2023-04-27,81.0,84.0,81.0,82.80999755859375,372
2023-04-28,83.0,84.36000061035156,83.0,84.25,576
2023-05-02,82.77999877929688,86.63999938964844,82.62999725341797,85.18499755859375,553
2023-05-03,85.0,85.0,81.0,81.91500091552734,726
2023-05-04,80.62000274658203,81.9000015258789,80.62000274658203,81.5199966430664,2619
2023-05-05,81.90499877929688,81.90499877929688,81.90499877929688,81.90499877929688,0
2023-05-09,83.4000015258789,83.41000366210938,82.9800033569336,83.48999786376953,230
2023-05-10,86.26000213623047,86.27999877929688,86.26000213623047,85.97000122070312,407
2023-05-11,85.27999877929688,85.27999877929688,85.27999877929688,85.27999877929688,0
2023-05-12,85.31999969482422,85.6500015258789,85.31999969482422,85.36499786376953,17
2023-05-15,84.0,84.0,84.0,83.79000091552734,15
2023-05-16,84.0,85.44999694824219,82.9563217163086,85.63999938964844,325
2023-05-17,85.9800033569336,85.9800033569336,84.69000244140625,85.19999694824219,502
2023-05-18,85.0,85.0,85.0,86.8550033569336,60
2023-05-19,84.86000061035156,87.5,84.86000061035156,86.31999969482422,124
2023-05-22,84.29000091552734,84.29000091552734,84.29000091552734,84.69999694824219,50
2023-05-23,84.0,84.0,82.9000015258789,82.2699966430664,100
2023-05-24,82.1500015258789,82.41000366210938,82.0,81.86000061035156,133
2023-05-25,82.41000366210938,82.41000366210938,80.0,79.98999786376953,67
2023-05-26,79.91999816894531,79.91999816894531,79.55999755859375,79.31500244140625,14
2023-05-30,80.0,80.0,77.80000305175781,77.58000183105469,133
2023-05-31,77.0,78.5,77.0,78.30000305175781,278
2023-06-01,76.5,76.5,75.52999877929688,76.27999877929688,281
2023-06-02,76.66000366210938,77.76000213623047,76.4000015258789,76.24500274658203,709
2023-06-05,76.0,79.43000030517578,75.88999938964844,79.6500015258789,798
2023-06-06,79.73999786376953,79.73999786376953,76.39322662353516,78.76499938964844,380
2023-06-07,78.25,80.5999984741211,77.95999908447266,80.75,380
2023-06-08,81.0,81.12000274658203,81.0,81.125,200
2023-06-09,81.44999694824219,83.27999877929688,81.44999694824219,83.7699966430664,100
2023-06-12,82.80000305175781,84.12000274658203,82.80000305175781,84.30000305175781,115
2023-06-13,85.0,87.29000091552734,79.80091857910156,87.11000061035156,433
2023-06-14,88.0,90.4000015258789,88.0,89.71499633789062,2964
2023-06-15,89.62999725341797,91.5,88.80999755859375,90.19999694824219,3760
2023-06-16,88.44000244140625,88.87999725341797,87.41999816894531,88.9000015258789,576
2023-06-19,88.0,88.0,88.0,88.8949966430664,25
2023-06-20,89.9000015258789,92.0,89.30000305175781,91.5,1363
2023-06-21,88.04000091552734,88.41999816894531,86.9000015258789,87.63500213623047,165
2023-06-22,85.0,86.80999755859375,85.0,86.97000122070312,322
2023-06-23,87.27999877929688,87.27999877929688,84.9800033569336,84.7699966430664,173
2023-06-26,84.76000213623047,84.76000213623047,84.0,83.17500305175781,2060
2023-06-27,84.47000122070312,84.47000122070312,83.98999786376953,85.68000030517578,54
2023-06-28,84.94999694824219,84.94999694824219,84.94999694824219,84.5250015258789,10
2023-06-29,84.63999938964844,85.01000213623047,84.63999938964844,84.91500091552734,511
2023-06-30,84.0,85.83000183105469,83.94999694824219,85.98999786376953,10323
2023-07-03,86.0,86.0,86.0,84.37000274658203,50
2023-07-04,84.37000274658203,85.35066986083984,84.0999984741211,84.33499908447266,16
2023-07-05,83.5,83.5,82.68000030517578,82.8949966430664,158
2023-07-06,82.69999694824219,82.69999694824219,82.69999694824219,82.83499908447266,330
2023-07-07,83.19999694824219,83.41999816894531,82.86000061035156,83.06999969482422,1457
2023-07-10,83.87000274658203,83.87000274658203,83.8499984741211,83.06999969482422,41
2023-07-11,82.5,82.65337371826172,82.5,83.87999725341797,50
2023-07-12,84.33999633789062,84.66000366210938,83.5999984741211,82.75499725341797,144
2023-07-13,83.19999694824219,83.19999694824219,83.19999694824219,82.8949966430664,26
2023-07-14,83.62000274658203,83.69999694824219,83.56999969482422,83.16000366210938,290
2023-07-17,83.0,83.68000030517578,83.0,83.71499633789062,134
2023-07-18,83.56999969482422,84.59174346923828,83.56999969482422,85.06999969482422,95
2023-07-19,84.48999786376953,84.48999786376953,84.30999755859375,85.92500305175781,351
2023-07-20,87.58000183105469,88.11000061035156,87.16000366210938,87.81999969482422,496
2023-07-21,88.27999877929688,89.0,87.77999877929688,88.40499877929688,50
2023-07-24,88.5,88.51000213623047,87.63999938964844,88.00499725341797,92
2023-07-25,88.61000061035156,88.9000015258789,83.68647003173828,88.95999908447266,202
2023-07-26,86.86000061035156,90.0199966430664,86.86000061035156,87.7699966430664,3531
2023-07-27,86.80000305175781,87.0999984741211,86.5,87.93499755859375,370
2023-07-28,87.0,87.0,85.05000305175781,85.80500030517578,1055
2023-07-31,86.2699966430664,86.29000091552734,84.0,83.84500122070312,143
2023-08-01,84.44000244140625,84.44000244140625,81.98999786376953,81.69499969482422,3971
2023-08-02,81.11000061035156,81.72000122070312,80.75,80.75,1333
2023-08-03,81.875,81.875,81.875,81.875,0
2023-08-04,83.0,83.0,81.13999938964844,80.95500183105469,209
2023-08-07,80.75,80.75,80.2300033569336,80.3949966430664,164
2023-08-08,80.0,81.83999633789062,80.0,81.73999786376953,871
2023-08-09,82.0,82.0,81.5,81.26499938964844,125
2023-08-10,81.0,81.06999969482422,81.0,82.12999725341797,109
2023-08-11,82.87999725341797,83.27999877929688,82.87999725341797,84.13500213623047,166
2023-08-14,83.83000183105469,85.0,83.83000183105469,85.31500244140625,455
2023-08-15,84.30000305175781,84.94999694824219,83.13806915283203,84.25499725341797,171
2023-08-16,85.41000366210938,86.0,85.26000213623047,85.5199966430664,362
2023-08-17,86.16999816894531,86.16999816894531,86.16999816894531,86.13500213623047,116
2023-08-18,85.9000015258789,85.9000015258789,85.9000015258789,85.38500213623047,1
2023-08-21,85.5999984741211,85.5999984741211,84.83999633789062,85.2249984741211,83
2023-08-22,85.45555114746094,85.45555114746094,85.45555114746094,87.22000122070312,1
2023-08-23,86.54000091552734,86.54000091552734,86.54000091552734,85.44499969482422,53
2023-08-24,83.63999938964844,84.29000091552734,83.44000244140625,82.71499633789062,139
2023-08-25,82.26000213623047,82.26000213623047,82.26000213623047,82.26000213623047,0
2023-08-29,82.47550201416016,82.47550201416016,82.47550201416016,82.375,3750
2023-08-30,83.5,83.5,83.5,83.41000366210938,67
2023-08-31,83.63999938964844,83.63999938964844,83.4000015258789,83.38999938964844,114
2023-09-01,81.52999877929688,83.5999984741211,81.52999877929688,82.80000305175781,1326
2023-09-04,82.79000091552734,82.79000091552734,82.0,81.5999984741211,147
2023-09-05,81.7300033569336,81.7300033569336,81.7300033569336,81.4000015258789,83
2023-09-06,81.0,81.0,81.0,81.3949966430664,434
2023-09-07,80.80000305175781,80.80000305175781,80.5,80.7750015258789,58
2023-09-08,80.75,80.95999908447266,78.97000122070312,79.3550033569336,345
2023-09-11,79.98999786376953,79.98999786376953,79.55000305175781,79.45500183105469,211
2023-09-12,79.41000366210938,79.4800033569336,79.0,78.70999908447266,252
2023-09-13,78.75,80.12999725341797,78.75,80.7300033569336,1149
2023-09-14,80.7750015258789,80.7750015258789,80.7750015258789,80.7750015258789,0
2023-09-15,81.0,81.13999938964844,79.6500015258789,79.70500183105469,1553
2023-09-18,79.77999877929688,79.77999877929688,78.2699966430664,78.5250015258789,628
2023-09-19,78.66999816894531,80.28434753417969,78.58999633789062,79.0199966430664,475
2023-09-20,79.4000015258789,80.11000061035156,78.26000213623047,80.45500183105469,743
2023-09-21,80.69999694824219,80.69999694824219,80.37000274658203,82.07499694824219,357
2023-09-22,81.47000122070312,83.25,81.47000122070312,83.2750015258789,323
2023-09-25,83.01000213623047,83.25,82.4000015258789,82.7750015258789,224
2023-09-26,81.7300033569336,81.7300033569336,81.0,80.50499725341797,124
2023-09-27,80.0,80.0,79.9000015258789,80.08499908447266,330
2023-09-28,80.55999755859375,80.55999755859375,80.55999755859375,80.55999755859375,0
2023-09-29,80.0199966430664,80.0199966430664,79.4000015258789,79.30500030517578,2920
2023-10-02,79.4000015258789,79.41000366210938,79.4000015258789,78.80500030517578,36
2023-10-03,78.9000015258789,79.98491668701172,77.80999755859375,77.70999908447266,1196
2023-10-04,78.2300033569336,80.25,78.2300033569336,79.7249984741211,37
2023-10-05,80.30000305175781,80.30000305175781,80.30000305175781,78.5999984741211,50
2023-10-06,79.0,79.0,78.25,78.43000030517578,177
2023-10-09,79.37999725341797,79.94999694824219,79.37999725341797,79.63999938964844,370
2023-10-10,78.0199966430664,82.69999694824219,78.0199966430664,82.81999969482422,855
2023-10-11,83.0,83.0,81.55000305175781,81.69999694824219,196
2023-10-12,82.4000015258789,83.5,82.4000015258789,83.2750015258789,11
2023-10-13,84.0199966430664,84.20999908447266,83.08000183105469,83.48999786376953,800
2023-10-16,84.69000244140625,84.69000244140625,81.5,82.15499877929688,135
2023-10-17,80.80000305175781,80.80000305175781,79.9800033569336,80.44000244140625,133
2023-10-18,80.69999694824219,80.94999694824219,80.0,79.93499755859375,133
2023-10-19,79.6500015258789,79.6500015258789,79.6500015258789,79.6500015258789,15
2023-10-20,79.80999755859375,79.80999755859375,78.95999908447266,79.66500091552734,1029
2023-10-23,78.5199966430664,78.5199966430664,78.5199966430664,78.62999725341797,100
2023-10-24,79.37000274658203,79.37000274658203,79.0,78.72000122070312,24
2023-10-25,78.6500015258789,78.6500015258789,78.6500015258789,78.20500183105469,2
2023-10-26,78.01000213623047,78.01000213623047,77.5,77.5,2688
2023-10-27,78.72000122070312,78.72000122070312,78.51000213623047,77.55000305175781,40
2023-10-30,78.5199966430664,78.5199966430664,77.0,76.91500091552734,1194
2023-10-31,76.66999816894531,78.93518829345703,76.66999816894531,77.19000244140625,117
2023-11-01,77.0,77.5,76.5999984741211,76.69499969482422,148
2023-11-02,76.0,76.0,75.0,77.18000030517578,179
2023-11-03,76.75,76.75,75.94999694824219,75.66999816894531,56
2023-11-06,75.63999938964844,75.63999938964844,74.19999694824219,74.25,1391
2023-11-07,74.0,74.25,73.08999633789062,73.7300033569336,499
2023-11-08,73.83000183105469,74.80999755859375,73.83000183105469,73.88500213623047,119
2023-11-09,74.66000366210938,74.66000366210938,73.68000030517578,75.87999725341797,663
2023-11-10,76.0,77.22000122070312,75.19000244140625,76.86000061035156,863
2023-11-13,76.95999908447266,77.2699966430664,74.75,75.52999877929688,933
2023-11-14,75.66999816894531,75.66999816894531,74.27593231201172,76.86000061035156,28
2023-11-15,76.86000061035156,77.55000305175781,76.86000061035156,78.06500244140625,28
2023-11-16,77.5,77.69999694824219,75.44000244140625,75.3550033569336,5351
2023-11-17,75.0,75.72000122070312,75.0,74.66999816894531,6864
2023-11-20,75.68000030517578,75.95999908447266,75.68000030517578,75.0999984741211,30
2023-11-21,74.4000015258789,77.322509765625,74.0,74.0199966430664,468
2023-11-22,73.80000305175781,74.06999969482422,73.55000305175781,73.49500274658203,347
2023-11-23,73.80000305175781,74.12999725341797,73.80000305175781,75.11499786376953,500
2023-11-24,74.8499984741211,75.01000213623047,74.8499984741211,75.02999877929688,2511
2023-11-27,73.0,73.0,72.0,71.48999786376953,1448
2023-11-28,71.33999633789062,74.58293151855469,70.72000122070312,71.4000015258789,1317
2023-11-29,71.19000244140625,71.38999938964844,69.58000183105469,69.45500183105469,996
2023-11-30,70.36000061035156,70.51000213623047,69.33999633789062,69.45999908447266,480
2023-12-01,70.20999908447266,71.55000305175781,69.91999816894531,71.13999938964844,269
2023-12-04,71.4000015258789,71.4000015258789,69.30000305175781,69.08999633789062,166
2023-12-05,69.29000091552734,71.76879119873047,67.04000091552734,67.30000305175781,1489
2023-12-06,68.0199966430664,68.58000183105469,67.44999694824219,67.82499694824219,1023
2023-12-07,67.31999969482422,69.0,67.31999969482422,68.33999633789062,2771
2023-12-08,68.19000244140625,68.19000244140625,68.19000244140625,67.4000015258789,82
2023-12-11,66.7699966430664,67.26000213623047,65.0,66.1500015258789,2126
2023-12-12,66.58999633789062,69.2738265991211,66.1500015258789,66.8499984741211,515
2023-12-13,68.0,68.5,67.0,67.55500030517578,265
2023-12-14,68.01000213623047,68.0199966430664,64.75,65.33000183105469,440
2023-12-15,66.0,66.13999938964844,65.25,65.76000213623047,396
2023-12-18,72.37000274658203,72.37000274658203,65.5,67.80000305175781,262
2023-12-19,67.4000015258789,67.52999877929688,66.45507049560547,67.82499694824219,147
2023-12-20,68.97000122070312,71.0,68.5,71.21499633789062,581
2023-12-21,73.76000213623047,74.31999969482422,72.95999908447266,73.53500366210938,438
2023-12-22,74.0999984741211,74.9000015258789,73.58999633789062,74.57499694824219,222
2023-12-27,74.9000015258789,75.19999694824219,74.54000091552734,74.98999786376953,307
2023-12-28,72.76000213623047,75.44999694824219,72.76000213623047,75.74500274658203,648
2023-12-29,75.7300033569336,76.5999984741211,75.06999969482422,76.5999984741211,235
2024-01-02,76.5999984741211,76.5999984741211,71.83999633789062,71.8949966430664,410
2024-01-03,72.69000244140625,72.80000305175781,72.69000244140625,73.31999969482422,136
2024-01-04,73.36000061035156,73.41000366210938,70.98999786376953,71.3550033569336,1088
2024-01-05,72.69000244140625,73.11000061035156,72.0,72.1449966430664,1006
2024-01-08,72.0,72.0,69.26000213623047,68.19999694824219,283
2024-01-09,68.0,72.79871368408203,68.0,68.25499725341797,342
2024-01-10,68.5,68.5,66.0,65.95999908447266,756
2024-01-11,65.5999984741211,65.93000030517578,63.849998474121094,64.24500274658203,2315
2024-01-12,64.5999984741211,64.98999786376953,61.650001525878906,62.095001220703125,2273
2024-01-15,62.29999923706055,63.5,61.38999938964844,63.439998626708984,2377
2024-01-16,62.79999923706055,66.89353942871094,61.70000076293945,61.92499923706055,6758
2024-01-17,61.70000076293945,62.099998474121094,59.849998474121094,59.83000183105469,2658
2024-01-18,59.900001525878906,60.709999084472656,59.29999923706055,59.93000030517578,1588
2024-01-19,59.630001068115234,61.029998779296875,59.13999938964844,59.95000076293945,2749
2024-01-22,60.400001525878906,60.400001525878906,57.54999923706055,59.34000015258789,552
2024-01-23,59.02000045776367,60.67512893676758,58.900001525878906,59.584999084472656,739
2024-01-24,61.150001525878906,62.849998474121094,60.720001220703125,62.1150016784668,1210
2024-01-25,61.619998931884766,61.790000915527344,59.43000030517578,59.76499938964844,160
2024-01-26,59.470001220703125,60.349998474121094,59.45000076293945,59.97999954223633,5588
2024-01-29,60.619998931884766,60.84000015258789,59.91999816894531,58.53499984741211,90
2024-01-30,58.93000030517578,60.71590042114258,58.599998474121094,60.45500183105469,1117
2024-01-31,60.630001068115234,61.02000045776367,60.029998779296875,60.88999938964844,1112
2024-02-01,61.09000015258789,61.18000030517578,59.040000915527344,59.0099983215332,1448
2024-02-02,59.599998474121094,60.34000015258789,59.369998931884766,60.1349983215332,259
2024-02-05,59.790000915527344,61.0,59.45000076293945,60.869998931884766,1873
2024-02-06,59.0,60.25,59.0,60.36000061035156,900
2024-02-07,59.900001525878906,59.900001525878906,59.900001525878906,59.19499969482422,10
2024-02-08,59.349998474121094,59.349998474121094,57.56999969482422,57.525001525878906,1638
2024-02-09,56.790000915527344,57.0,55.060001373291016,55.64500045776367,2237
2024-02-12,55.16999816894531,55.68000030517578,54.0,53.85499954223633,6925
2024-02-13,54.599998474121094,57.165618896484375,53.0,53.32500076293945,896
2024-02-14,52.70000076293945,54.459999084472656,52.040000915527344,53.57500076293945,2218
2024-02-15,53.9900016784668,55.970001220703125,53.63999938964844,55.189998626708984,1402
2024-02-16,55.0,55.0,53.5,54.10499954223633,152
2024-02-19,53.25,53.25,50.36000061035156,50.64500045776367,2239
2024-02-20,51.0,54.79169845581055,50.0,51.39500045776367,595
2024-02-21,51.5,52.099998474121094,50.72999954223633,52.099998474121094,2686
2024-02-22,53.65999984741211,53.65999984741211,49.75,49.915000915527344,2289
2024-02-23,49.779998779296875,49.849998474121094,48.5,49.665000915527344,1188
2024-02-26,51.0,51.79999923706055,49.45000076293945,51.040000915527344,1952
2024-02-27,50.540000915527344,53.0,49.849998474121094,52.994998931884766,839
2024-02-28,53.5,55.90999984741211,52.599998474121094,54.97999954223633,5732
2024-02-29,54.33000183105469,54.59000015258789,52.869998931884766,53.08000183105469,2727
2024-03-01,53.27000045776367,53.70000076293945,52.41999816894531,53.654998779296875,1660
2024-03-04,52.70000076293945,54.41999816894531,51.0099983215332,54.185001373291016,1322
2024-03-05,56.099998474121094,58.22999954223633,50.4274787902832,57.130001068115234,908
2024-03-06,55.790000915527344,59.560001373291016,55.790000915527344,56.525001525878906,4288
2024-03-07,55.380001068115234,57.959999084472656,55.060001373291016,56.3650016784668,3883
2024-03-08,56.0099983215332,56.25,55.0,55.48500061035156,726
2024-03-11,54.119998931884766,54.20000076293945,52.900001525878906,53.290000915527344,1178
2024-03-12,53.29999923706055,56.43526077270508,52.439998626708984,53.720001220703125,2047
2024-03-13,54.52000045776367,54.599998474121094,52.72999954223633,53.06999969482422,428
2024-03-14,52.68000030517578,55.599998474121094,52.68000030517578,55.310001373291016,574
2024-03-15,56.27000045776367,57.20000076293945,55.54999923706055,57.0,975
2024-03-18,58.2599983215332,59.04999923706055,57.95000076293945,58.154998779296875,866
2024-03-19,59.630001068115234,59.68000030517578,53.75276184082031,58.119998931884766,295
2024-03-20,57.599998474121094,57.70000076293945,57.540000915527344,57.654998779296875,12
2024-03-21,56.349998474121094,56.9900016784668,56.060001373291016,56.3650016784668,317
2024-03-22,57.70000076293945,58.810001373291016,57.70000076293945,58.5,2450
2024-03-25,60.0,62.0099983215332,60.0,61.915000915527344,499
2024-03-26,61.619998931884766,62.0,59.010459899902344,60.5,295
2024-03-27,60.25,60.290000915527344,58.5,59.31999969482422,464
2024-03-28,59.20000076293945,59.72999954223633,58.560001373291016,58.994998931884766,2991
2024-04-02,58.5,61.154869079589844,56.0,56.28499984741211,1417
2024-04-03,57.0,57.0,54.5099983215332,57.625,1096
2024-04-04,55.63999938964844,56.04999923706055,55.0,55.77000045776367,576
2024-04-05,55.810001373291016,57.380001068115234,55.70000076293945,57.78499984741211,75
2024-04-08,57.470001220703125,60.5,57.470001220703125,60.505001068115234,484
2024-04-09,60.209999084472656,61.61000061035156,58.41862106323242,60.89500045776367,3622
2024-04-10,60.83000183105469,60.900001525878906,59.59000015258789,59.915000915527344,735
2024-04-11,61.349998474121094,64.66999816894531,61.349998474121094,65.2249984741211,2010
2024-04-12,67.0,68.2699966430664,65.70999908447266,68.20999908447266,1936
2024-04-15,66.7300033569336,67.0,66.19999694824219,67.4749984741211,148
2024-04-16,67.72000122070312,70.94000244140625,59.40753173828125,70.67500305175781,4244
2024-04-17,69.9000015258789,69.9000015258789,66.31999969482422,66.88999938964844,2653
2024-04-18,65.5999984741211,67.5999984741211,65.51000213623047,68.43000030517578,10212
2024-04-19,68.94999694824219,68.94999694824219,66.0,65.23999786376953,1700
2024-04-22,64.69000244140625,64.69000244140625,63.22999954223633,63.25,640
2024-04-23,63.130001068115234,69.60382843017578,62.45000076293945,63.14500045776367,550
2024-04-24,62.75,64.04000091552734,61.65999984741211,63.70500183105469,1516
2024-04-25,64.04000091552734,66.37000274658203,63.33000183105469,65.25,53545
2024-04-26,65.18000030517578,65.18000030517578,64.0,64.05500030517578,158
2024-04-29,62.54999923706055,62.54999923706055,62.38999938964844,62.80500030517578,215
2024-04-30,65.2300033569336,65.2300033569336,63.98448181152344,65.72000122070312,12
2024-05-01,64.2699966430664,64.2699966430664,64.2699966430664,64.54499816894531,10
2024-05-02,64.97000122070312,68.80000305175781,64.97000122070312,69.51499938964844,902
2024-05-03,70.22000122070312,70.55000305175781,69.56999969482422,68.3949966430664,1249
2024-05-07,67.7699966430664,70.43000030517578,64.61031341552734,67.63500213623047,3272
2024-05-08,66.47000122070312,69.31999969482422,66.47000122070312,68.65499877929688,555
2024-05-09,69.44999694824219,70.48999786376953,69.44999694824219,70.21499633789062,580
2024-05-10,70.43000030517578,72.16999816894531,69.5,68.2300033569336,129
2024-05-13,67.69999694824219,67.69999694824219,66.5,66.82499694824219,237
2024-05-14,67.0,70.13265991210938,66.0,67.19499969482422,2165
2024-05-15,68.29000091552734,68.29000091552734,67.05000305175781,66.45999908447266,1362
2024-05-16,66.58000183105469,66.88999938964844,66.33000183105469,67.08000183105469,71
2024-05-17,68.0,68.0,67.0,67.22000122070312,546
2024-05-20,68.69000244140625,71.2300033569336,68.69000244140625,70.86000061035156,612
2024-05-21,69.87999725341797,73.0,66.4528579711914,72.79499816894531,1190
2024-05-22,73.5,74.0199966430664,71.77999877929688,72.91500091552734,8324
2024-05-23,72.33000183105469,74.30000305175781,72.33000183105469,72.5999984741211,713
2024-05-24,72.56999969482422,72.69000244140625,70.9800033569336,72.26499938964844,546
2024-05-28,71.75,73.26000213623047,71.68000030517578,71.56999969482422,200
2024-05-29,71.86000061035156,72.27999877929688,69.70999908447266,70.83499908447266,231
2024-05-30,71.16000366210938,71.83999633789062,70.7300033569336,72.125,95
2024-05-31,71.08999633789062,72.5199966430664,71.08999633789062,70.69499969482422,132
2024-06-03,71.7300033569336,74.0,71.70999908447266,70.93000030517578,286
2024-06-04,70.04000091552734,71.63999938964844,69.08999633789062,69.69499969482422,2736
2024-06-05,69.0,69.0,68.04000091552734,68.87000274658203,134
2024-06-06,68.69999694824219,69.41999816894531,68.16000366210938,68.70999908447266,51
2024-06-07,69.0,69.0,67.97000122070312,68.58000183105469,369
2024-06-10,68.0,68.0,66.5,68.08499908447266,2757
2024-06-11,68.20999908447266,68.20999908447266,67.44000244140625,67.44000244140625,1183
2024-06-12,66.62999725341797,68.55999755859375,66.62999725341797,68.0199966430664,370
2024-06-13,68.30999755859375,68.9800033569336,67.7300033569336,68.11499786376953,464
2024-06-14,67.5,67.5,65.51000213623047,65.73500061035156,492
2024-06-17,66.37999725341797,66.37999725341797,64.91000366210938,65.33999633789062,1217
2024-06-18,65.4000015258789,66.12000274658203,63.900001525878906,65.38500213623047,858
2024-06-19,65.33999633789062,65.33999633789062,65.33999633789062,67.22000122070312,10
2024-06-20,67.62999725341797,67.62999725341797,66.20999908447266,66.23500061035156,56
2024-06-21,66.5999984741211,66.5999984741211,65.4800033569336,65.2699966430664,2760
2024-06-24,65.23999786376953,65.23999786376953,64.29000091552734,64.51499938964844,243
2024-06-25,64.0,65.29000091552734,64.0,65.06500244140625,452
2024-06-26,65.25,65.31999969482422,64.19999694824219,64.55500030517578,82
2024-06-27,64.0,64.0,64.0,64.05999755859375,99
2024-06-28,63.47999954223633,65.3499984741211,63.150001525878906,64.56500244140625,228
2024-07-01,65.2699966430664,65.97000122070312,65.2699966430664,65.18499755859375,41
2024-07-02,65.93000030517578,66.31999969482422,64.75,67.75499725341797,465
2024-07-03,67.3499984741211,68.5999984741211,67.3499984741211,67.68000030517578,157
2024-07-04,67.3499984741211,67.3499984741211,67.3499984741211,67.3499984741211,0
2024-07-05,67.51000213623047,68.18000030517578,67.47000122070312,67.15499877929688,65
2024-07-08,68.13999938964844,68.13999938964844,68.01000213623047,66.07499694824219,7
2024-07-09,65.6449966430664,65.6449966430664,65.6449966430664,65.6449966430664,0
2024-07-10,66.27999877929688,66.27999877929688,66.0,65.55999755859375,219
2024-07-11,65.4800033569336,65.4800033569336,65.45999908447266,65.6050033569336,150
2024-07-12,66.0199966430664,66.0199966430664,65.20999908447266,66.6500015258789,38
2024-07-15,66.9000015258789,66.9000015258789,64.75,64.86499786376953,100
2024-07-16,65.0,65.0,64.80000305175781,64.80000305175781,250
2024-07-17,64.80000305175781,66.05999755859375,63.95000076293945,64.0999984741211,116
2024-07-18,63.849998474121094,64.0,63.599998474121094,63.790000915527344,271
2024-07-19,64.0,64.0,62.869998931884766,63.61000061035156,743
2024-07-22,63.939998626708984,63.95000076293945,61.900001525878906,62.10499954223633,5977
2024-07-23,62.380001068115234,63.310001373291016,62.380001068115234,63.01499938964844,251
2024-07-24,64.2300033569336,64.54000091552734,63.77000045776367,66.13999938964844,1613
2024-07-25,65.23999786376953,65.27999877929688,64.5,64.2249984741211,359
2024-07-26,64.87000274658203,65.47000122070312,64.87000274658203,65.22000122070312,11
2024-07-29,65.5,66.0999984741211,65.47000122070312,65.94999694824219,528
2024-07-30,65.19999694824219,65.5999984741211,64.69999694824219,65.69999694824219,337
2024-07-31,66.5,66.75,65.5999984741211,66.66999816894531,932
2024-08-01,66.4800033569336,68.94000244140625,66.02999877929688,68.375,754
2024-08-02,68.4000015258789,68.45999908447266,67.0,67.65499877929688,1664
2024-08-05,65.91999816894531,66.83000183105469,65.44000244140625,66.18499755859375,1387
2024-08-06,66.6500015258789,67.45999908447266,66.6500015258789,67.30500030517578,86
2024-08-07,67.16000366210938,68.75,67.16000366210938,68.4000015258789,942
2024-08-08,68.1500015258789,68.55000305175781,67.2699966430664,68.30000305175781,124
2024-08-09,68.5999984741211,68.9800033569336,67.55000305175781,67.45500183105469,1407
2024-08-12,66.58999633789062,71.0,66.55999755859375,69.84500122070312,901
2024-08-13,68.83000183105469,70.0,68.83000183105469,68.83499908447266,244
2024-08-14,69.61000061035156,69.72000122070312,69.5,69.00499725341797,355
2024-08-15,68.81999969482422,69.0199966430664,68.22000122070312,69.11000061035156,424
2024-08-16,69.33999633789062,69.7300033569336,69.30000305175781,69.76499938964844,51
2024-08-19,69.20999908447266,71.0,69.20999908447266,70.2750015258789,1267
2024-08-20,70.5,71.69000244140625,70.5,70.3949966430664,496
2024-08-21,70.61000061035156,70.61000061035156,70.01000213623047,69.81500244140625,1281
2024-08-22,69.08000183105469,69.08000183105469,68.9000015258789,69.01499938964844,230
2024-08-23,68.83499908447266,68.83499908447266,68.83499908447266,68.83499908447266,0
2024-08-27,68.05000305175781,69.51000213623047,68.05000305175781,69.05999755859375,2252
2024-08-28,70.0,70.0,68.0,68.34500122070312,141
2024-08-29,68.6500015258789,68.6500015258789,68.6500015258789,68.6500015258789,0
2024-08-30,68.5,69.23999786376953,68.0,67.51499938964844,964
2024-09-02,68.11000061035156,68.11000061035156,68.11000061035156,68.11000061035156,0
2024-09-03,67.0,67.0,66.0,65.90499877929688,425
2024-09-04,66.12999725341797,66.12999725341797,64.77999877929688,64.8550033569336,164
2024-09-05,64.25,64.62999725341797,63.869998931884766,64.13999938964844,686
2024-09-06,64.55999755859375,65.58000183105469,64.2300033569336,64.18499755859375,616
2024-09-09,64.5199966430664,64.69000244140625,64.2300033569336,64.2249984741211,43
2024-09-10,63.5,64.23999786376953,62.709999084472656,63.52000045776367,479
2024-09-11,62.75,64.08000183105469,62.66999816894531,64.04000091552734,570
2024-09-12,63.4900016784668,63.59000015258789,63.099998474121094,63.189998626708984,845
2024-09-13,63.63999938964844,63.77000045776367,62.79999923706055,62.529998779296875,399
2024-09-16,62.0,62.099998474121094,61.20000076293945,61.7599983215332,960
2024-09-17,60.0,61.5,60.0,62.540000915527344,90
2024-09-18,62.0,62.369998931884766,61.29999923706055,61.625,154
2024-09-19,62.29999923706055,62.849998474121094,60.720001220703125,60.73500061035156,1231
2024-09-20,61.58000183105469,61.720001220703125,61.029998779296875,61.474998474121094,89
2024-09-23,61.81999969482422,62.33000183105469,61.81999969482422,61.82500076293945,88
2024-09-24,62.25,62.54999923706055,61.720001220703125,61.79999923706055,51
2024-09-25,61.689998626708984,63.09000015258789,61.689998626708984,63.150001525878906,176
2024-09-26,62.900001525878906,63.630001068115234,62.599998474121094,63.0,332
2024-09-27,63.5,64.06999969482422,63.5,63.97999954223633,429
2024-09-30,65.0199966430664,65.05999755859375,63.18000030517578,63.26499938964844,660
2024-10-01,64.0,64.0,61.099998474121094,61.82500076293945,846
2024-10-02,61.68000030517578,62.38999938964844,60.7400016784668,61.064998626708984,1800
2024-10-03,60.81999969482422,60.86000061035156,60.0,60.4900016784668,638
2024-10-04,60.02000045776367,60.54999923706055,59.5099983215332,60.13999938964844,164
2024-10-07,59.68000030517578,59.68000030517578,58.36000061035156,60.04499816894531,593
2024-10-08,59.09000015258789,59.09000015258789,58.4900016784668,58.599998474121094,570
2024-10-09,59.150001525878906,60.33000183105469,58.599998474121094,60.61000061035156,546
2024-10-10,61.0,62.970001220703125,60.130001068115234,62.845001220703125,1309
2024-10-11,63.08000183105469,63.08000183105469,62.16999816894531,62.48500061035156,92
2024-10-14,63.2400016784668,64.0999984741211,62.560001373291016,63.70000076293945,304
2024-10-15,63.060001373291016,63.060001373291016,63.060001373291016,62.7599983215332,0
2024-10-16,63.369998931884766,63.56999969482422,61.04999923706055,61.47999954223633,548
2024-10-17,61.7400016784668,61.7400016784668,61.2400016784668,61.349998474121094,41
2024-10-18,60.95000076293945,60.95000076293945,60.119998931884766,60.45500183105469,4066
2024-10-21,60.63999938964844,61.22999954223633,59.619998931884766,59.86000061035156,1457
2024-10-22,59.939998626708984,60.709999084472656,59.7400016784668,60.709999084472656,0
2024-10-23,61.25,63.15999984741211,60.650001525878906,62.724998474121094,691
2024-10-24,63.20000076293945,65.12000274658203,63.0,64.69999694824219,1145
2024-10-25,65.61000061035156,65.61000061035156,64.26000213623047,64.80000305175781,1
2024-10-28,63.08000183105469,64.25,62.61000061035156,64.30999755859375,267
2024-10-29,64.4800033569336,67.18000030517578,64.4800033569336,67.18000030517578,72437
2024-10-30,64.0,64.0,63.61000061035156,63.755001068115234,78
2024-10-31,63.40999984741211,63.40999984741211,62.2400016784668,62.584999084472656,288
2024-11-01,62.59000015258789,62.59000015258789,61.66999816894531,62.05500030517578,134
2024-11-04,62.529998779296875,63.650001525878906,62.529998779296875,63.21500015258789,195
2024-11-05,63.5099983215332,64.25,62.4900016784668,62.29499816894531,986
2024-11-06,61.5,61.97999954223633,60.790000915527344,61.915000915527344,645
2024-11-07,63.2599983215332,64.0,63.099998474121094,63.775001525878906,618
2024-11-08,63.959999084472656,66.37000274658203,63.959999084472656,65.86499786376953,784
2024-11-11,65.83999633789062,66.62999725341797,65.41999816894531,65.80000305175781,193
2024-11-12,63.88999938964844,65.87999725341797,63.43000030517578,65.3499984741211,955
2024-11-13,64.56999969482422,64.56999969482422,63.599998474121094,64.33999633789062,3
2024-11-14,65.9800033569336,66.33000183105469,65.44999694824219,66.2300033569336,13
2024-11-15,64.80000305175781,66.26000213623047,64.80000305175781,65.69000244140625,210
2024-11-18,65.30000305175781,67.7300033569336,65.30000305175781,67.34500122070312,2277
2024-11-19,67.4000015258789,67.69000244140625,66.05999755859375,66.58499908447266,237
2024-11-20,66.4000015258789,66.63999938964844,66.0,66.62000274658203,117
2024-11-21,67.06999969482422,68.31999969482422,67.06999969482422,67.83499908447266,639
2024-11-22,68.66000366210938,68.66000366210938,67.16000366210938,67.1449966430664,2586
2024-11-25,68.25,69.1500015258789,67.62000274658203,67.9000015258789,727
2024-11-26,66.5,67.81999969482422,66.5,67.26000213623047,628
2024-11-27,67.12999725341797,67.12999725341797,65.5,66.36499786376953,588
2024-11-28,67.08999633789062,67.08999633789062,65.55999755859375,65.94999694824219,1138
2024-11-29,65.51000213623047,66.5999984741211,65.25,66.54499816894531,1481
2024-12-02,67.56999969482422,68.0,67.0,66.82499694824219,1146
2024-12-03,67.19000244140625,67.19000244140625,66.62000274658203,66.55999755859375,2032
2024-12-04,65.63999938964844,66.9000015258789,65.63999938964844,66.04000091552734,4
2024-12-05,65.83000183105469,66.94000244140625,65.5,65.37999725341797,853
2024-12-06,64.76000213623047,66.27999877929688,64.63999938964844,66.55000305175781,149
2024-12-09,65.36000061035156,68.38999938964844,64.16000366210938,64.4749984741211,998
2024-12-10,64.33999633789062,66.4800033569336,64.33999633789062,66.3550033569336,499
2024-12-11,66.86000061035156,67.30999755859375,66.73999786376953,66.91500091552734,200
2024-12-12,66.36000061035156,67.0,64.69999694824219,64.3550033569336,2167
2024-12-13,64.87000274658203,64.87000274658203,62.900001525878906,62.900001525878906,2932
2024-12-16,62.4900016784668,62.63999938964844,61.689998626708984,61.48500061035156,854
2024-12-17,61.95000076293945,64.30000305175781,60.599998474121094,60.77000045776367,1666
2024-12-18,60.79999923706055,61.43000030517578,60.79999923706055,61.21500015258789,328
2024-12-19,61.369998931884766,64.0199966430664,61.369998931884766,64.0199966430664,944
2024-12-20,64.29000091552734,64.91999816894531,63.810001373291016,64.125,364
2024-12-23,64.69999694824219,65.98999786376953,64.69999694824219,65.49500274658203,343
2024-12-24,66.1500015258789,66.1500015258789,66.13999938964844,65.62000274658203,30
2024-12-27,66.5,67.52999877929688,65.69000244140625,67.5199966430664,4004
2024-12-30,66.5,68.08000183105469,66.5,67.65499877929688,12
2024-12-31,68.08999633789062,69.38999938964844,68.08999633789062,68.61000061035156,212
2025-01-02,68.69999694824219,71.0,68.69999694824219,70.94000244140625,2972
2025-01-03,70.5199966430664,72.4800033569336,70.5199966430664,71.76000213623047,2520
2025-01-06,71.94000244140625,71.94000244140625,69.88999938964844,70.23500061035156,1707
2025-01-07,69.51000213623047,71.0999984741211,69.5,70.125,354
2025-01-08,70.1500015258789,70.1500015258789,68.19999694824219,68.1500015258789,182
2025-01-09,68.58000183105469,69.30999755859375,68.31999969482422,69.47000122070312,354
2025-01-10,70.84500122070312,70.84500122070312,70.84500122070312,70.84500122070312,0
2025-01-13,72.18000030517578,72.6500015258789,71.25,72.31500244140625,175
2025-01-14,72.52999877929688,72.73999786376953,71.38999938964844,72.3949966430664,2952
2025-01-15,72.91999816894531,74.05999755859375,72.91999816894531,73.91000366210938,899
2025-01-16,73.08000183105469,74.0,72.91000366210938,73.99500274658203,2329
2025-01-17,73.62000274658203,76.0,73.62000274658203,74.91999816894531,2373
2025-01-20,76.0,76.0,74.16000366210938,75.38999938964844,220
2025-01-21,75.11000061035156,75.98999786376953,74.13999938964844,75.33499908447266,324
2025-01-22,74.83000183105469,74.83000183105469,74.83000183105469,74.81999969482422,0
2025-01-23,74.5,77.0199966430664,74.5,76.375,1615
2025-01-24,77.0999984741211,77.0999984741211,76.0999984741211,77.18000030517578,733
2025-01-27,77.5999984741211,77.5999984741211,74.91999816894531,74.9000015258789,289
2025-01-28,74.33999633789062,75.44999694824219,74.33999633789062,75.9800033569336,78
2025-01-29,76.5999984741211,78.55999755859375,76.5999984741211,78.70999908447266,1083
2025-01-30,78.47000122070312,79.18000030517578,78.47000122070312,78.01000213623047,193
2025-01-31,78.5999984741211,78.72000122070312,78.5999984741211,79.3499984741211,549
2025-02-03,78.7300033569336,78.7300033569336,76.44999694824219,76.73999786376953,113
2025-02-04,75.94000244140625,77.16000366210938,75.94000244140625,76.3949966430664,272
2025-02-05,76.56999969482422,77.69999694824219,76.33000183105469,76.80000305175781,143
2025-02-06,77.16999816894531,78.0,76.66000366210938,77.49500274658203,75
2025-02-07,77.87999725341797,78.37999725341797,77.43000030517578,78.08999633789062,1210
2025-02-10,79.13553619384766,79.13553619384766,79.13553619384766,78.41000366210938,200
2025-02-11,77.58999633789062,78.37000274658203,77.58999633789062,78.16000366210938,33
2025-02-12,76.80000305175781,77.18000030517578,76.66000366210938,76.32499694824219,288
2025-02-13,74.37000274658203,74.87000274658203,74.20999908447266,74.0999984741211,3144
2025-02-14,74.16999816894531,74.87999725341797,72.54000091552734,75.55500030517578,224
2025-02-17,74.41000366210938,74.69999694824219,73.6500015258789,73.29499816894531,45
2025-02-18,73.0,73.45999908447266,71.0,71.4749984741211,586
2025-02-19,71.08999633789062,71.54000091552734,71.0,70.41000366210938,216
2025-02-20,69.9800033569336,69.9800033569336,68.94000244140625,68.9800033569336,360
2025-02-21,70.5999984741211,70.81999969482422,70.0,69.99500274658203,622
2025-02-24,70.3499984741211,70.36000061035156,68.44999694824219,69.92500305175781,214
2025-02-25,69.5199966430664,69.91999816894531,67.80000305175781,67.86000061035156,638
2025-02-26,68.80000305175781,68.80000305175781,67.97000122070312,67.6500015258789,2908
2025-02-27,67.19000244140625,68.29000091552734,67.19000244140625,69.08999633789062,621
2025-02-28,68.61000061035156,68.9800033569336,67.93000030517578,67.63500213623047,6235
2025-03-03,68.4000015258789,68.81999969482422,67.29000091552734,67.97000122070312,153
2025-03-04,66.7699966430664,66.7699966430664,64.45999908447266,64.88500213623047,2373
2025-03-05,66.08000183105469,66.08000183105469,65.0989990234375,64.82499694824219,1684
2025-03-06,64.88999938964844,65.58999633789062,63.95000076293945,63.77000045776367,1260
2025-03-07,63.349998474121094,65.5,63.349998474121094,64.88999938964844,3660
2025-03-10,65.87999725341797,65.91000366210938,65.58000183105469,65.625,496
2025-03-11,65.69999694824219,66.22000122070312,64.44999694824219,64.9000015258789,1570
2025-03-12,64.51000213623047,64.51000213623047,64.51000213623047,65.86000061035156,0
2025-03-13,65.25,67.44999694824219,65.25,66.56999969482422,69
2025-03-14,66.48999786376953,67.94000244140625,66.33999633789062,67.27999877929688,45
2025-03-17,66.66999816894531,66.80999755859375,66.33999633789062,66.37000274658203,378
2025-03-18,66.80999755859375,67.55000305175781,66.12999725341797,67.66999816894531,2429
2025-03-19,68.86000061035156,70.13999938964844,68.86000061035156,70.01000213623047,254
2025-03-20,69.86000061035156,69.86000061035156,69.70999908447266,69.3550033569336,21
2025-03-21,70.68000030517578,70.68000030517578,70.68000030517578,67.69499969482422,0
2025-03-24,67.86000061035156,67.86000061035156,67.86000061035156,67.94499969482422,2
2025-03-25,67.79000091552734,67.79000091552734,67.79000091552734,66.93499755859375,0
2025-03-26,66.1500015258789,68.33999633789062,66.1500015258789,67.26000213623047,2
2025-03-27,66.7699966430664,66.7699966430664,65.0,65.37999725341797,2369
2025-03-28,64.9800033569336,66.02999877929688,64.9800033569336,65.4800033569336,265
2025-03-31,65.02999877929688,65.02999877929688,64.0,64.75,332
2025-04-01,66.61000061035156,67.20999908447266,64.94999694824219,66.29000091552734,986
2025-04-02,66.43000030517578,66.86000061035156,66.43000030517578,65.48500061035156,1
2025-04-03,64.58999633789062,64.58999633789062,62.970001220703125,63.16999816894531,1283
2025-04-04,62.290000915527344,62.290000915527344,60.0,60.79999923706055,2707
2025-04-07,58.650001525878906,60.439998626708984,57.439998626708984,59.130001068115234,2682
2025-04-08,59.47999954223633,59.849998474121094,58.36000061035156,58.915000915527344,2135
2025-04-09,58.310001373291016,58.40999984741211,57.470001220703125,58.30500030517578,2576
2025-04-10,60.63999938964844,61.56999969482422,59.33000183105469,59.31999969482422,2747
2025-04-11,59.36000061035156,61.599998474121094,59.36000061035156,61.98500061035156,348
2025-04-14,62.97999954223633,64.29000091552734,62.97999954223633,63.52000045776367,322
2025-04-15,62.97999954223633,64.58999633789062,62.77000045776367,63.11000061035156,93
2025-04-16,63.09000015258789,64.2300033569336,63.09000015258789,63.67499923706055,23
2025-04-17,63.279998779296875,63.279998779296875,62.84000015258789,62.7599983215332,2
2025-04-22,62.29999923706055,63.36000061035156,60.98725891113281,61.27000045776367,275
2025-04-23,63.380001068115234,64.12999725341797,62.7400016784668,63.66999816894531,4
2025-04-24,62.15999984741211,62.470001220703125,62.13999938964844,63.2599983215332,91
2025-04-25,64.0,64.80000305175781,63.18000030517578,63.27000045776367,25853
2025-04-28,62.5,63.02000045776367,62.5,62.19499969482422,24
2025-04-29,62.20000076293945,62.20000076293945,61.81999969482422,62.0,15
2025-04-30,61.90999984741211,63.560001373291016,61.58000183105469,63.56999969482422,1597
2025-05-01,63.869998931884766,63.869998931884766,63.869998931884766,63.939998626708984,0
2025-05-02,64.80000305175781,66.0999984741211,64.80000305175781,65.71499633789062,500
2025-05-06,65.4000015258789,66.0,65.25,65.79000091552734,220
2025-05-07,65.9000015258789,66.25,65.9000015258789,67.87000274658203,64
2025-05-08,68.01000213623047,68.55999755859375,68.01000213623047,67.66999816894531,250
2025-05-09,67.16999816894531,67.16999816894531,67.16999816894531,67.16999816894531,0
2025-05-12,69.3499984741211,70.0199966430664,69.26341247558594,69.51499938964844,315
2025-05-13,69.48999786376953,69.48999786376953,68.25,69.40499877929688,1122
2025-05-14,69.66000366210938,70.69999694824219,68.62000274658203,68.88999938964844,268
2025-05-15,70.04499816894531,70.04499816894531,70.04499816894531,70.04499816894531,0
2025-05-16,71.37999725341797,71.43000030517578,68.44999694824219,67.93499755859375,110
2025-05-19,68.0,68.0,68.0,67.38999938964844,5
2025-05-20,67.33000183105469,69.2300033569336,67.33000183105469,70.13500213623047,31
2025-05-21,70.18000030517578,70.70999908447266,70.18000030517578,69.5250015258789,3
2025-05-22,69.51000213623047,69.51000213623047,69.51000213623047,68.9800033569336,15
2025-05-23,69.33000183105469,69.93000030517578,67.12000274658203,68.52999877929688,334
2025-05-27,69.69000244140625,69.69000244140625,68.45999908447266,67.94000244140625,0
2025-05-28,68.2699966430664,68.2699966430664,68.16000366210938,68.80000305175781,140
2025-05-29,70.4800033569336,70.4800033569336,67.94999694824219,67.80000305175781,1597
2025-05-30,68.0999984741211,68.0999984741211,67.37000274658203,67.54499816894531,189
2025-06-02,67.30999755859375,68.0,67.30999755859375,67.93000030517578,1144
2025-06-03,67.54000091552734,69.4000015258789,67.54000091552734,69.25499725341797,77
2025-06-04,70.05000305175781,70.05000305175781,70.05000305175781,69.26000213623047,0
2025-06-05,70.38999938964844,70.5,69.51000213623047,69.69499969482422,1147
2025-06-06,70.45999908447266,71.20999908447266,70.18000030517578,70.33499908447266,6
2025-06-09,71.0,71.5,71.0,70.875,12
2025-06-10,70.20999908447266,71.12000274658203,69.06999969482422,69.82499694824219,1626
2025-06-11,70.5999984741211,71.43000030517578,70.5999984741211,71.0,144
2025-06-12,70.5,71.80000305175781,70.5,71.9749984741211,255
2025-06-13,72.5999984741211,73.41000366210938,72.5999984741211,72.62999725341797,908
2025-06-16,73.04000091552734,73.04000091552734,71.51000213623047,72.07499694824219,23
2025-06-17,71.47000122070312,72.13999938964844,71.47000122070312,71.2699966430664,431
2025-06-18,72.0999984741211,72.0999984741211,72.0999984741211,71.38500213623047,0
2025-06-19,70.94000244140625,70.94000244140625,69.4000015258789,70.69999694824219,232
2025-06-20,69.80999755859375,69.86000061035156,69.36000061035156,69.84500122070312,8187
2025-06-23,70.30000305175781,70.30000305175781,69.31999969482422,70.1050033569336,47
2025-06-24,70.5,71.7699966430664,70.29000091552734,70.45999908447266,340
2025-06-25,69.47000122070312,70.38999938964844,68.25,68.17500305175781,268
2025-06-26,67.5199966430664,67.6500015258789,67.30999755859375,67.71499633789062,773
2025-06-27,67.5,68.25,67.30000305175781,68.08999633789062,121
2025-06-30,68.08999633789062,68.08999633789062,65.98999786376953,66.28500366210938,547
2025-07-01,66.94999694824219,66.98999786376953,66.94999694824219,67.76499938964844,235
2025-07-02,67.79000091552734,68.93000030517578,67.79000091552734,68.67500305175781,108
2025-07-03,68.05000305175781,69.52999877929688,68.05000305175781,68.91999816894531,210
2025-07-04,68.58499908447266,68.58499908447266,68.58499908447266,68.58499908447266,0
2025-07-07,67.79000091552734,68.22000122070312,67.79000091552734,68.125,5
2025-07-08,67.62000274658203,67.69999694824219,67.62000274658203,67.17500305175781,125
2025-07-09,66.5,67.83999633789062,66.5,67.6449966430664,76
2025-07-10,67.88999938964844,68.19000244140625,67.88999938964844,68.12000274658203,2
2025-07-11,67.19999694824219,67.76000213623047,66.93000030517578,67.57499694824219,23
2025-07-14,66.66000366210938,68.23999786376953,66.66000366210938,67.31999969482422,21
2025-07-15,67.93000030517578,68.44999694824219,67.93000030517578,68.4800033569336,1
2025-07-16,69.05000305175781,69.05000305175781,69.05000305175781,68.22000122070312,0
2025-07-17,67.52999877929688,67.52999877929688,67.52999877929688,67.52999877929688,0
2025-07-18,67.4000015258789,67.4000015258789,67.4000015258789,67.09500122070312,50
2025-07-21,67.05999755859375,67.56999969482422,66.66999816894531,66.99500274658203,56
2025-07-22,67.0,67.5,66.22000122070312,66.49500274658203,60
2025-07-23,66.51000213623047,66.91999816894531,66.51000213623047,66.55000305175781,15
2025-07-24,66.51000213623047,67.5,66.51000213623047,67.88999938964844,1259
2025-07-25,68.41999816894531,68.86000061035156,68.41999816894531,68.50499725341797,3
2025-07-28,68.41999816894531,68.41999816894531,67.5,67.76499938964844,27
2025-07-29,69.4800033569336,70.0,68.73999786376953,69.94000244140625,57
2025-07-30,69.48999786376953,70.5,69.37999725341797,69.68499755859375,100
2025-07-31,69.69000244140625,69.69000244140625,69.54000091552734,70.01499938964844,13
2025-08-01,69.0,69.0,68.12000274658203,68.12999725341797,164
2025-08-04,68.02999877929688,68.08999633789062,67.23999786376953,67.92500305175781,96
2025-08-05,68.30000305175781,68.30000305175781,68.30000305175781,68.30000305175781,0
2025-08-06,68.20999908447266,68.79000091552734,68.19999694824219,68.12999725341797,653
2025-08-07,67.70999908447266,68.36000061035156,67.70999908447266,68.5,55
2025-08-08,69.0,70.05000305175781,69.0,70.04000091552734,256
2025-08-11,70.1500015258789,70.4000015258789,69.20932006835938,69.27999877929688,340
2025-08-12,68.81999969482422,68.81999969482422,68.81999969482422,68.5,750
2025-08-13,68.33000183105469,69.4000015258789,68.33000183105469,68.91000366210938,109
2025-08-14,68.41999816894531,69.5999984741211,68.26000213623047,68.06500244140625,40
2025-08-15,68.0,68.19000244140625,67.5199966430664,67.80500030517578,346
2025-08-18,67.76000213623047,68.54000091552734,67.76000213623047,68.73999786376953,145
2025-08-19,69.41000366210938,69.41000366210938,68.77999877929688,68.13500213623047,0
2025-08-20,68.23999786376953,69.41000366210938,68.23999786376953,68.55000305175781,3
2025-08-21,69.0,69.0199966430664,68.97000122070312,69.65499877929688,182
2025-08-22,69.69999694824219,69.69999694824219,69.61000061035156,69.29499816894531,1
2025-08-26,68.68000030517578,69.70999908447266,68.68000030517578,69.73500061035156,78
2025-08-27,70.16999816894531,71.11000061035156,69.94000244140625,69.37000274658203,31
2025-08-28,69.2699966430664,69.2699966430664,69.2699966430664,68.9000015258789,2
2025-08-29,68.6500015258789,70.20999908447266,68.6500015258789,70.03500366210938,4
2025-09-01,71.0199966430664,71.75,70.9000015258789,71.08499908447266,79
2025-09-02,70.9000015258789,70.9000015258789,70.9000015258789,70.37000274658203,0
2025-09-03,70.7699966430664,72.0,70.48999786376953,70.91000366210938,249
2025-09-04,72.0,72.33000183105469,71.61000061035156,71.61000061035156,1817
2025-09-05,72.87000274658203,73.20999908447266,72.25,72.95999908447266,2312
2025-09-08,73.62000274658203,74.19999694824219,72.5,73.61499786376953,472
2025-09-09,73.5199966430664,74.16999816894531,73.11000061035156,73.53500366210938,46
2025-09-10,73.80000305175781,74.19999694824219,73.80000305175781,74.19999694824219,244
2025-09-11,73.62999725341797,73.83999633789062,72.41999816894531,72.625,710
2025-09-12,72.43000030517578,73.1500015258789,71.62999725341797,72.72000122070312,422
2025-09-15,73.41000366210938,73.94000244140625,72.69000244140625,73.57499694824219,137
2025-09-16,73.88999938964844,75.0,73.88999938964844,74.23500061035156,91
2025-09-17,74.75,75.0999984741211,73.69999694824219,73.8949966430664,240
2025-09-18,73.36000061035156,75.05000305175781,73.36000061035156,74.48999786376953,316
2025-09-19,74.83000183105469,74.83000183105469,74.83000183105469,74.5999984741211,2
2025-09-22,74.55000305175781,74.55000305175781,73.05000305175781,73.29499816894531,242
2025-09-23,73.63999938964844,74.01000213623047,73.16000366210938,73.7699966430664,677
2025-09-24,73.30000305175781,74.11000061035156,72.79000091552734,73.0199966430664,1868
2025-09-25,73.12999725341797,73.5,73.08999633789062,72.7750015258789,12
2025-09-26,72.44000244140625,72.91000366210938,72.20999908447266,73.02999877929688,347
2025-09-29,73.38999938964844,73.38999938964844,73.12999725341797,73.8949966430664,1
2025-09-30,73.0999984741211,73.0999984741211,73.06999969482422,72.80999755859375,109
2025-10-01,72.08999633789062,72.91000366210938,72.0,73.49500274658203,220
2025-10-02,73.69999694824219,74.83999633789062,73.37000274658203,74.44000244140625,210
2025-10-03,75.0999984741211,76.1500015258789,75.0999984741211,76.30500030517578,554
2025-10-06,76.56999969482422,77.0,75.72000122070312,75.875,907
2025-10-07,75.69999694824219,75.69999694824219,75.69999694824219,75.36499786376953,41
2025-10-08,75.30000305175781,76.0,75.30000305175781,76.0999984741211,5074
2025-10-09,75.3499984741211,76.25,75.31999969482422,76.23999786376953,248
2025-10-10,76.41999816894531,77.04000091552734,76.4000015258789,76.34500122070312,0
2025-10-13,76.02999877929688,76.02999877929688,75.01000213623047,75.1449966430664,10
2025-10-14,74.51000213623047,74.51000213623047,73.80999755859375,73.99500274658203,6749
2025-10-15,74.4000015258789,74.77999877929688,74.30000305175781,75.05999755859375,395
2025-10-16,74.91000366210938,76.66000366210938,74.91000366210938,76.40499877929688,36
2025-10-17,76.23999786376953,77.12999725341797,75.48999786376953,76.38500213623047,1005
2025-10-20,76.58999633789062,76.83000183105469,75.93000030517578,76.66000366210938,223
2025-10-21,76.33999633789062,76.77999877929688,76.05000305175781,76.42500305175781,319
2025-10-22,76.25,76.75,75.23999786376953,75.48500061035156,404
2025-10-23,75.86000061035156,76.0999984741211,75.4000015258789,75.41500091552734,9680
2025-10-24,75.34600067138672,75.34600067138672,75.34600067138672,75.34600067138672,0
2025-10-27,75.0,75.1500015258789,74.2300033569336,74.8550033569336,1286
2025-10-28,75.61000061035156,75.61000061035156,75.61000061035156,75.38500213623047,56
2025-10-29,75.51000213623047,76.05999755859375,75.51000213623047,75.9000015258789,202
2025-10-30,76.08999633789062,76.5,76.08999633789062,75.74500274658203,2005
2025-10-31,75.94000244140625,75.94000244140625,75.05000305175781,75.52999877929688,143
2025-11-03,76.30000305175781,78.54000091552734,76.30000305175781,78.23500061035156,161
2025-11-04,78.52999877929688,79.16999816894531,78.02999877929688,79.16999816894531,158
2025-11-05,78.87000274658203,79.26000213623047,77.94999694824219,78.41500091552734,1989
2025-11-06,77.91000366210938,77.94999694824219,77.41999816894531,77.31999969482422,173
2025-11-07,77.19999694824219,77.62999725341797,76.44999694824219,76.62000274658203,298
2025-11-10,77.5199966430664,77.5199966430664,76.94999694824219,76.93499755859375,25
2025-11-11,76.7300033569336,77.9000015258789,76.7300033569336,77.68499755859375,563
2025-11-12,78.70999908447266,78.8499984741211,77.9000015258789,78.87999725341797,1108
2025-11-13,78.94000244140625,78.94000244140625,77.81999969482422,78.27999877929688,30
2025-11-14,78.0999984741211,78.41999816894531,77.7300033569336,77.9800033569336,587
2025-11-17,76.98999786376953,77.98999786376953,76.76000213623047,76.86000061035156,704
2025-11-18,77.4000015258789,78.5999984741211,77.1500015258789,78.18000030517578,66
2025-11-19,77.37000274658203,78.06999969482422,77.37000274658203,77.63500213623047,1428
2025-11-20,78.1500015258789,78.88999938964844,78.1500015258789,78.25,40
2025-11-21,78.01000213623047,78.1500015258789,77.80000305175781,77.4749984741211,1
2025-11-24,76.98999786376953,77.45999908447266,76.96759033203125,77.58499908447266,137
2025-11-25,78.9000015258789,78.9000015258789,78.9000015258789,78.79499816894531,150
2025-11-26,79.0,79.0999984741211,78.77999877929688,78.48500061035156,215
2025-11-27,78.4800033569336,79.2699966430664,78.4800033569336,79.2750015258789,32
2025-11-28,80.0,80.30000305175781,78.19999694824219,80.07499694824219,24
2025-12-01,79.9000015258789,80.19999694824219,79.9000015258789,79.55999755859375,51
2025-12-02,79.47000122070312,79.47000122070312,78.44999694824219,78.75499725341797,201
2025-12-03,79.18000030517578,79.18000030517578,78.19000244140625,78.76000213623047,16
2025-12-04,78.31999969482422,78.93000030517578,78.16000366210938,79.41999816894531,23
2025-12-05,79.06999969482422,79.06999969482422,79.0,78.80000305175781,109
2025-12-08,79.08000183105469,79.48999786376953,79.06999969482422,78.98500061035156,171
2025-12-09,79.0,79.51000213623047,78.98999786376953,79.63999938964844,2030
2025-12-10,79.72000122070312,79.97000122070312,78.91000366210938,78.99500274658203,19
2025-12-11,79.98999786376953,81.3499984741211,79.98999786376953,80.7750015258789,194
2025-12-12,80.69999694824219,81.18000030517578,80.69999694824219,80.6500015258789,100
2025-12-15,81.0,82.02999877929688,80.48999786376953,82.02999877929688,128
2025-12-16,81.8499984741211,82.37999725341797,81.7699966430664,82.1050033569336,676
2025-12-17,82.93000030517578,82.93000030517578,82.05000305175781,81.31999969482422,713
2025-12-18,81.44999694824219,81.44999694824219,81.44999694824219,80.91500091552734,0
2025-12-19,81.52999877929688,81.73999786376953,81.44999694824219,81.77999877929688,39
2025-12-22,81.76000213623047,81.9000015258789,81.41000366210938,82.33499908447266,41
2025-12-23,82.2300033569336,82.69999694824219,82.1500015258789,83.06500244140625,46
2025-12-24,83.0,83.0,83.0,82.80999755859375,2
2025-12-29,83.20999908447266,83.20999908447266,82.04791259765625,82.06999969482422,272
2025-12-30,82.30000305175781,82.4800033569336,82.30000305175781,81.94499969482422,1215
2025-12-31,82.72000122070312,82.72000122070312,81.70999908447266,82.02999877929688,5
2026-01-02,83.29000091552734,83.68000030517578,83.1500015258789,83.20500183105469,1227
2026-01-05,82.69000244140625,83.0999984741211,81.87999725341797,82.01499938964844,1826
2026-01-06,82.37999725341797,82.94000244140625,82.37999725341797,82.77999877929688,0
2026-01-07,83.20999908447266,83.22000122070312,83.0,82.80999755859375,4
2026-01-08,82.58000183105469,83.12000274658203,82.58000183105469,83.0199966430664,60
2026-01-09,83.0,84.2699966430664,83.0,84.18000030517578,345
2026-01-12,84.5999984741211,84.83999633789062,84.4000015258789,84.80000305175781,134
2026-01-13,84.7699966430664,85.55000305175781,84.7699966430664,85.30000305175781,246
2026-01-14,85.11000061035156,86.51000213623047,84.97956848144531,86.62999725341797,276
2026-01-15,87.19999694824219,88.0,86.55999755859375,86.53500366210938,17750
2026-01-16,87.08000183105469,88.05000305175781,87.08000183105469,86.56500244140625,14
2026-01-19,84.3499984741211,84.6500015258789,83.05000305175781,82.98999786376953,1500
2026-01-20,81.87999725341797,81.87999725341797,79.80000305175781,79.94000244140625,5834
2026-01-21,79.41999816894531,81.80999755859375,79.41999816894531,82.28500366210938,647
2026-01-22,83.80000305175781,83.97000122070312,82.93000030517578,83.21499633789062,990
2026-01-23,83.52999877929688,84.41000366210938,83.52999877929688,83.17500305175781,118
2026-01-26,84.04000091552734,84.20999908447266,81.60575103759766,82.33000183105469,589
2026-01-27,83.29000091552734,83.29000091552734,82.86588287353516,83.20999908447266,150
2026-01-28,82.7699966430664,83.2699966430664,81.8499984741211,81.31999969482422,273
2026-01-29,79.73999786376953,79.87999725341797,78.86002349853516,78.80999755859375,963
2026-01-30,78.16999816894531,78.5999984741211,76.0,76.80500030517578,356
2026-02-02,78.22000122070312,78.23999786376953,77.5,78.37000274658203,230
2026-02-03,79.66000366210938,79.79000091552734,79.00489044189453,77.5199966430664,61
2026-02-04,77.08000183105469,78.0,77.0,78.08499908447266,756
2026-02-05,77.0,77.0,73.5,73.55999755859375,548
2026-02-06,74.83999633789062,75.25,72.0,74.40499877929688,2773
2026-02-09,75.25,76.6500015258789,75.25,76.76000213623047,116
2026-02-10,75.80999755859375,76.76000213623047,74.19999694824219,74.55000305175781,1846
2026-02-11,72.26000213623047,73.61000061035156,72.12000274658203,74.27999877929688,695
2026-02-12,70.83000183105469,71.33999633789062,68.0,68.80999755859375,3247
2026-02-13,68.72000122070312,68.87999725341797,66.93000030517578,66.91500091552734,1150
2026-02-16,66.86000061035156,67.3499984741211,64.47000122070312,65.4000015258789,1292
2026-02-17,65.05000305175781,66.44000244140625,65.05000305175781,66.25,264
2026-02-18,65.41000366210938,67.7300033569336,65.19000244140625,67.4800033569336,935
2026-02-19,68.4800033569336,68.58999633789062,67.5,67.30000305175781,114
2026-02-20,67.31999969482422,70.19999694824219,67.30000305175781,69.21499633789062,540
2026-02-23,68.87000274658203,69.20999908447266,67.80812072753906,67.43000030517578,310
2026-02-24,66.94999694824219,67.16000366210938,66.69999694824219,66.94499969482422,145
2026-02-25,67.08000183105469,68.63999938964844,66.85134887695312,68.6500015258789,948
2026-02-26,68.56999969482422,68.56999969482422,65.47000122070312,66.98500061035156,6143
2026-02-27,67.08000183105469,67.36000061035156,66.4000015258789,66.00499725341797,139
